Name,Symbol,Price,Market cap,24h change
Bitcoin,BTC,"99,461.79",$ 1.97T,+1.06%
Ethereum,ETH,"4,002.53",$ 482.13B,+3.27%
XRP,XRP,2.46,$ 140.7B,+7.12%
Tether USD,USDT,1.00,$ 137.8B,+0.30%
Solana,SOL,238.43,$ 113.49B,+1.93%
BNB,BNB,746.00,$ 112.18B,+4.32%
Dogecoin,DOGE,0.448,$ 65.83B,+4.99%
Cardano,ADA,1.21,$ 45.23B,+4.48%
USDC,USDC,0.999,$ 41.2B,+0.13%
Lido Staked Ether,stETH,"4,000.28",$ 38.17B,+3.40%
TRON,TRX,0.321,$ 27.81B,+2.87%
Avalanche,AVAX,51.97,$ 21.27B,+2.60%
Shiba Inu,SHIB,0.0000313,$ 18.45B,+4.59%
Toncoin,TON,6.87,$ 17.53B,+2.59%
Wrapped liquid staked Ether 2.0,wstETH,"4,753.13",$ 17.48B,+3.75%
Wrapped BTC,WBTC,"99,222.19",$ 16.06B,+1.18%
Uniswap,UNI,17.39,$ 15.91B,+6.34%
Polkadot,DOT,10.54,$ 15.85B,+11.67%
Chainlink,LINK,25.03,$ 15.69B,+7.91%
Wrapped Ether,WETH,"4,016.17",$ 13.66B,+5.10%
Hedera,HBAR,0.339,$ 12.96B,+20.27%
Sui Network,SUI,4.34,$ 12.7B,+3.96%
Bitcoin Cash,BCH,616.08,$ 11.79B,+3.34%
Litecoin,LTC,137.84,$ 10.37B,+4.20%
Stellar,XLM,0.491,$ 9.91B,+5.72%
NEAR Protocol,NEAR,7.81,$ 9.51B,+4.92%
PEPE,PEPE,0.0000222,$ 9.35B,+7.19%
Aptos,APT,14.96,$ 8.02B,+6.36%
Wrapped eETH,weETH,"4,222.21",$ 7.82B,+3.88%
Internet Computer (DFINITY),ICP,15.07,$ 7.16B,+4.52%
Fetch.AI,FET,2.10,$ 5.72B,+2.84%
Ethereum Classic,ETC,37.54,$ 5.62B,+7.58%
Polygon Ecosystem Token,POL,0.707,$ 5.62B,+4.68%
VeChain,VET,0.0681,$ 5.51B,+7.48%
Cronos,CRO,0.202,$ 5.48B,+1.26%
Dai,DAI,1.00,$ 5.35B,+0.09%
Render Token,RENDER,10.24,$ 5.3B,-0.88%
Bittensor,TAO,705.93,$ 5.21B,-1.99%
Binance-Peg BSC-USD,BSC-USD,1.00,$ 5.19B,+0.16%
Filecoin,FIL,7.95,$ 4.84B,+4.29%
ARBITRUM,ARB,1.17,$ 4.8B,+2.80%
Bitget Token,BGB,2.83,$ 4.58B,+18.77%
USDe,USDE,1.00,$ 4.44B,-0.00%
Kaspa,KAS,0.174,$ 4.4B,+6.81%
Aave,AAVE,284.43,$ 4.32B,+8.35%
Immutable X,IMX,2.08,$ 4.16B,+1.72%
EnergySwap,ENS,41.20,$ 4.12B,+3.93%
Mantle,MNT,1.20,$ 4.04B,+5.32%
Stacks,STX,2.68,$ 4.03B,+0.43%
Cosmos,ATOM,10.27,$ 4.01B,+6.15%
Name,Symbol,Price,Market cap,24h change
ONDO,ONDO,1.71,$ 4B,+3.76%
Algorand,ALGO,0.481,$ 4B,+9.28%
Fantom,FTM,1.36,$ 3.82B,+4.92%
Monero,XMR,201.61,$ 3.72B,+2.18%
WhiteBIT Coin,WBT,25.17,$ 3.65B,+0.13%
dogwifhat,WIF,3.66,$ 3.65B,+8.60%
Mantra DAO,OM,3.91,$ 3.62B,-4.32%
OKB,OKB,59.96,$ 3.6B,+3.87%
Optimism,OP,2.71,$ 3.4B,+5.58%
Injective Protocol,INJ,33.78,$ 3.34B,-0.28%
Baby Doge Coin,BABYDOGE,0.0‚Çà401,$ 3.2B,+68.00%
The Graph,GRT,0.331,$ 3.16B,+1.01%
Theta Token,THETA,3.06,$ 3.06B,+0.92%
Worldcoin,WLD,3.86,$ 2.76B,-0.90%
First Digital USD,FDUSD,0.999,$ 2.6B,+0.16%
FLOKI,FLOKI,0.000258,$ 2.5B,+12.92%
THORChain,RUNE,7.21,$ 2.46B,+4.93%
The Sandbox,SAND,0.902,$ 2.39B,+1.64%
Morpho Token,MORPHO,2.21,$ 2.12B,-8.63%
BRETT,BRETT,0.209,$ 2.07B,+5.72%
EOS,EOS,1.35,$ 2.03B,+2.31%
Aerodrome,AERO,2.28,$ 1.97B,+18.02%
Lido DAO Token,LDO,2.19,$ 1.97B,+2.28%
Kaia,KAIA,0.326,$ 1.92B,+3.84%
Maker,MKR,"2,182.68",$ 1.9B,+2.12%
Bonk,BONK,0.0000449,$ 1.86B,+6.34%
Raydium,RAY,4.98,$ 1.86B,+2.08%
SEI,SEI,0.692,$ 1.85B,+2.41%
Arweave,AR,27.97,$ 1.83B,+6.03%
Jupiter,JUP,1.36,$ 1.83B,+2.15%
Tezos,XTZ,1.79,$ 1.82B,+8.70%
Flow,FLOW,1.15,$ 1.78B,+3.89%
LayerZero,ZRO,6.95,$ 1.74B,-4.67%
Virtual Protocol,VIRTUAL,1.74,$ 1.74B,-2.99%
BEAM,BEAM,0.0331,$ 1.73B,+2.77%
IOTA,IOTA,0.479,$ 1.7B,+9.00%
Flare Network,FLR,0.0315,$ 1.68B,+2.01%
GateToken,GT,12.98,$ 1.66B,+5.21%
Trust Wallet Token,TWT,1.56,$ 1.61B,+4.36%
Quant,QNT,162.90,$ 1.59B,+13.85%
Pendle,PENDLE,6.88,$ 1.57B,+5.58%
Mog Coin,MOG,0.0‚ÇÖ386,$ 1.54B,+23.06%
Bitcoin SV,BSV,80.11,$ 1.54B,+3.32%
ENA,ENA,1.07,$ 1.53B,+4.08%
Nexo,NEXO,1.52,$ 1.52B,+3.39%
MultiversX,EGLD,54.47,$ 1.51B,+3.19%
NEO,NEO,21.38,$ 1.51B,+5.26%
Core DAO,CORE,1.60,$ 1.48B,+2.80%
Curve DAO Token,CRV,1.19,$ 1.48B,+0.45%
ZEEBU,ZBU,4.48,$ 1.48B,-0.04%
Name,Symbol,Price,Market cap,24h change
POPCAT,POPCAT,1.50,$ 1.47B,+12.46%
BitTorrent-New,BTT,0.0‚ÇÖ153,$ 1.46B,+2.14%
Peanut the Squirrel,PNUT,1.44,$ 1.44B,+7.11%
Tokenize Xchange,TKX,17.88,$ 1.43B,+5.77%
Decentraland,MANA,0.756,$ 1.41B,+2.74%
Ethereum Name Service,ENS,41.30,$ 1.37B,+4.27%
ApolloX,APX,0.134,$ 1.32B,+20.05%
Celestia,TIA,8.68,$ 1.23B,+2.53%
PancakeSwap,CAKE,4.16,$ 1.22B,+3.14%
WEMIX Token,WEMIX,1.21,$ 1.21B,+0.14%
XinFin Network,XDC,0.0981,$ 1.21B,+15.34%
Zcash,ZEC,71.05,$ 1.16B,+2.11%
Chiliz,CHZ,0.129,$ 1.15B,+1.01%
Mina Protocol Token,MINA,0.956,$ 1.14B,+5.83%
Terra Classic,LUNC,0.000166,$ 1.13B,+3.67%
Ankr,ANKR,0.0554,$ 1.11B,+3.23%
AMP,AMP,0.0109,$ 1.08B,-2.10%
FTX Token,FTT,3.28,$ 1.07B,-0.51%
eCash,XEC,0.0000535,$ 1.06B,+2.34%
Synthetix Network,SNX,3.18,$ 1.05B,+1.99%
Compound,COMP,117.00,$ 1.03B,-1.30%
Notcoin,NOT,0.01,$ 1.03B,+5.86%
KuCoin Token,KCS,13.59,$ 1.03B,+3.18%
ordi,ORDI,48.93,$ 1.03B,+5.77%
Pax Dollar,USDP,1.00,$ 1.02B,+0.07%
zkSync,ZK,0.263,$ 968.4M,+5.98%
JITO,JTO,3.56,$ 953.05M,-1.96%
SuperVerse,SUPER,1.86,$ 928.72M,+8.62%
Helium,HNT,9.42,$ 920.05M,+9.29%
Axelar,AXL,1.05,$ 906.2M,+0.62%
BLUR,BLUR,0.422,$ 862.03M,+3.25%
EigenLayer,EIGEN,4.57,$ 852.3M,+9.73%
cat in a dogs world,MEW,0.00955,$ 848.6M,+5.30%
Ronin,RON,2.31,$ 844.94M,+4.72%
Telcoin,TEL,0.00648,$ 800.72M,-0.44%
Neiro,NEIRO,0.00189,$ 796.96M,+9.53%
Pyth Network,PYTH,0.531,$ 795.85M,+4.62%
Echelon Prime,PRIME,15.89,$ 787.98M,+4.59%
Nervos Network,CKB,0.0171,$ 775.48M,+2.44%
Goatseus Maximus,GOAT,0.777,$ 773.89M,+0.60%
Universe,UNI,17.35,$ 765.54M,+5.96%
SPX6900,SPX,0.724,$ 745.77M,+8.22%
USDD,USDD,0.999,$ 743.38M,+0.10%
Turbo,TURBO,0.0107,$ 734.82M,+23.04%
DOG‚Ä¢GO‚Ä¢TO‚Ä¢THE‚Ä¢MOON,üêï,0.00734,$ 734.31M,+11.51%
Dash,DASH,59.92,$ 722.88M,-0.51%
Coinbase Wrapped Staked ETH,CBETH,"4,342.24",$ 722.22M,+3.99%
Wormhole,W,0.394,$ 708.45M,+0.71%
Zilliqa,ZIL,0.0357,$ 706.02M,+6.61%
1inch Token,1INCH,0.536,$ 702.92M,+3.97%
Name,Symbol,Price,Market cap,24h change
Grass,GRASS,2.88,$ 701.53M,-2.93%
Spectral Token,SPEC,14.69,$ 700.6M,+3.72%
Convex Finance,CVX,6.91,$ 686.13M,+0.64%
Ravencoin,RVN,0.0326,$ 683.55M,+3.75%
Holo,HOT,0.00382,$ 678.29M,+3.45%
Creditcoin,CTC,1.70,$ 673.53M,-12.44%
APENFT,NFT,0.0‚ÇÜ672,$ 672.43M,+3.75%
SATS BRC,SATS,0.0‚ÇÜ317,$ 665.33M,+8.70%
Astar,ASTR,0.0894,$ 663.49M,+2.29%
Metis Token,METIS,66.35,$ 663.17M,+3.43%
Huobi Token,HT,1.32,$ 658.73M,+1.83%
Gas,GAS,6.80,$ 655.18M,+5.91%
WOO Network,WOO,0.356,$ 654.16M,+0.48%
0x,ZRX,0.77,$ 653.78M,-2.96%
Safe Token,SAFE,1.53,$ 653.56M,-2.44%
Frax,FRAX,0.992,$ 649.28M,-0.88%
Bitcoin Gold,BTG,37.09,$ 643.82M,+1.52%
Dexe,DEXE,11.13,$ 636.32M,+5.45%
Ribbon Finance,RBN,0.628,$ 627.31M,+6.84%
AIOZ Network,AIOZ,1.17,$ 617.36M,-0.91%
Harmony,ONE,0.0426,$ 609.91M,+30.08%
Celo,CELO,1.08,$ 599.99M,+7.75%
Illuvium,ILV,68.37,$ 590.62M,+2.11%
Act I : The AI Prophecy,ACT,0.614,$ 589.81M,+6.31%
Nakamoto.Games,NAKA,1.64,$ 589.06M,+3.09%
BOOK OF MEME,BOME,0.0106,$ 587.61M,+10.98%
tBTC v2,TBTC,"99,344.45",$ 581.11M,+1.56%
Snek,SNEK,0.00779,$ 579.27M,-1.09%
Axie Infinity,AXS,9.43,$ 574.52M,+4.76%
IoTeX,IOTX,0.0607,$ 573.28M,+1.40%
Memecoin,MEME,0.0177,$ 568.43M,+7.60%
EthereumPoW,ETHW,5.25,$ 566.22M,+8.95%
StarkNet Token,STRK,0.775,$ 564.31M,+3.84%
Cheelee,CHEEL,9.77,$ 554.71M,-1.21%
Kadena,KDA,1.83,$ 545.14M,+5.78%
BELDEX,BDX,0.0786,$ 543.31M,+0.45%
SUSHI,SUSHI,1.89,$ 526.71M,+23.73%
GIGACHAD,GIGA,0.0563,$ 523.63M,+2.62%
yearn.finance,YFI,"14,151.05",$ 521.07M,+17.44%
PAX Gold,PAXG,"2,625.78",$ 519.83M,+0.13%
aelf,ELF,0.601,$ 519.51M,+2.91%
pepeCoin,PEPECOIN,3.91,$ 515.95M,-7.47%
QTUM,QTUM,4.87,$ 513.05M,+5.42%
Basic Attention Token,BAT,0.341,$ 510.27M,+3.90%
Binance USD,BUSD,0.953,$ 509.78M,-5.47%
Manta,MANTA,1.33,$ 509.52M,+4.98%
Osmosis,OSMO,0.802,$ 508.21M,+3.74%
Theta Fuel,TFUEL,0.095,$ 503.91M,+7.37%
Vulcan Forged,PYR,4.29,$ 497.83M,+3.06%
OriginTrail,TRAC,1.20,$ 496.2M,+5.69%
Name,Symbol,Price,Market cap,24h change
Moo Deng,MOODENG,0.488,$ 482.6M,+3.89%
Destra Network,DSYNC,0.492,$ 477.12M,+4.19%
UMA,UMA,3.87,$ 473.02M,-0.65%
AltLayer Token,ALT,0.202,$ 466.34M,+5.76%
Fasttoken,FTN,3.19,$ 458.77M,+0.60%
Threshold,T,0.0413,$ 456.45M,+14.79%
SKALE,SKL,0.0803,$ 451.2M,+3.70%
zerebro,ZEREBRO,0.457,$ 447.25M,+13.33%
Gala,GALA,0.0592,$ 446.68M,+1.45%
DOGS,DOGS,0.000863,$ 445.45M,+9.47%
Siacoin,SC,0.00806,$ 441.73M,+1.74%
Just a chill guy,CHILLGUY,0.442,$ 442.13M,+6.40%
Chia Network,XCH,31.60,$ 440.47M,+1.10%
Simons Cat,CAT,0.0000573,$ 439.5M,+14.19%
Drift,DRIFT,1.63,$ 432.2M,-5.36%
Across Protocol Token,ACX,1.00,$ 428.26M,-36.12%
Kusama,KSM,46.23,$ 415.1M,+3.12%
SafePal,SFP,0.828,$ 414.19M,+1.47%
PayPal USD,PYUSD,0.998,$ 412.41M,-0.01%
Biconomy,BICO,0.453,$ 411.34M,+3.56%
Golem,GLM,0.518,$ 409.92M,+2.36%
QUBIC,QUBIC,0.0‚ÇÖ401,$ 409.28M,-0.98%
ConstitutionDAO,PEOPLE,0.0786,$ 398.12M,+9.29%
Radix,XRD,0.0372,$ 395.44M,+1.32%
Clearpool,CPOOL,0.404,$ 394.76M,+9.11%
Frax Share,FXS,4.65,$ 393.74M,-0.09%
Loopring,LRC,0.312,$ 392.4M,+1.22%
Olympus v2,OHM,21.16,$ 391.93M,+5.74%
Bonfida,FIDA,0.396,$ 391.95M,+0.86%
Dymension,DYM,2.66,$ 388.24M,+3.15%
ssv.network,SSV,33.60,$ 378.78M,+2.59%
Apu Apustaja,APU,0.000923,$ 377.35M,+7.66%
Arkham,ARKM,2.48,$ 371.62M,-1.01%
MX Token,MX,3.82,$ 369.74M,+2.08%
Decred,DCR,22.42,$ 369.44M,-0.77%
Alchemy Pay,ACH,0.0368,$ 368.2M,+1.08%
Power Ledger,POWR,0.368,$ 367.22M,+8.96%
XYO Network,XYO,0.0262,$ 365.54M,-3.41%
Liechtenstein Cryptoassets Exchange,LCX,0.39,$ 364.41M,+11.33%
API3,API3,2.52,$ 364.4M,+2.42%
Rocket Pool,RPL,17.38,$ 363.46M,+3.08%
Moonbeam,GLMR,0.384,$ 354.93M,+5.85%
IO,IO,3.71,$ 352.84M,+6.50%
Non-Playable Coin,NPC,0.0413,$ 344.27M,+19.17%
KarratCoin,KARRAT,0.618,$ 344.33M,-1.39%
ether.fi governance token,ETHFI,2.99,$ 344.09M,+9.61%
Flux,FLUX,0.916,$ 343.81M,+8.00%
Polymesh,POLYX,0.402,$ 336.56M,+2.45%
Orca,ORCA,6.29,$ 336.15M,-27.25%
Mask Network,MASK,4.28,$ 335.62M,+5.04%
Name,Symbol,Price,Market cap,24h change
VeThor Token,VTHO,0.00401,$ 335.19M,+1.51%
PAAL AI,$PAAL,0.386,$ 332.19M,+6.15%
Gnosis,GNO,299.32,$ 330.66M,+4.53%
Instadapp,INST,8.12,$ 329.55M,+7.73%
Hivemapper,HONEY,0.109,$ 326.91M,-3.65%
BLAST,BLAST,0.0142,$ 326.54M,+3.58%
AGI Token,AGI,0.254,$ 323.61M,-1.19%
TrueUSD,TUSD,1.02,$ 322.06M,+1.30%
Gravity,G,0.0445,$ 321.72M,+6.02%
Yield Guild Games,YGG,0.812,$ 321.19M,+4.03%
Reserve Rights Token,RSR,0.018,$ 320.88M,+6.09%
DigiByte,DGB,0.0182,$ 316.54M,+1.67%
SingularityNET,AGIX,0.90,$ 313.38M,+3.81%
Ponke,PONKE,0.564,$ 313.11M,+5.00%
BakeryToken,BAKE,0.421,$ 307.65M,+4.25%
Aethir,ATH,0.0802,$ 302.97M,+7.17%
VANRY,VANRY,0.168,$ 300.24M,-0.76%
TerraClassicUSD,USTC,0.0303,$ 297.47M,+6.55%
Wrapped AVAX,WAVAX,52.08,$ 297.75M,+3.95%
Constellation,DAG,0.0742,$ 296.98M,+0.22%
Avail Token,Avail,0.17,$ 296.11M,+12.50%
Casper,CSPR,0.0232,$ 294.18M,+10.42%
Storj,STORJ,0.718,$ 291.83M,+5.27%
Andy,ANDY,0.000292,$ 291.58M,+17.39%
Wrapped Solana,SOL,234.78,$ 289.85M,+0.83%
Kamino,KMNO,0.213,$ 288.13M,+10.13%
ICON,ICX,0.277,$ 286.2M,+7.99%
Hamster Kombat,HMSTR,0.00445,$ 286.29M,+5.46%
NEM,XEM,0.0403,$ 284.99M,+9.17%
Chromia,CHR,0.343,$ 284.06M,+1.86%
Metaplex,MPLX,0.375,$ 284.04M,+5.10%
Waves,WAVES,2.43,$ 283.13M,+3.50%
IOST,IOST,0.0106,$ 282.65M,+3.65%
Status,SNT,0.0705,$ 282.7M,+11.32%
Enjin Coin,ENJ,0.371,$ 282.11M,+2.51%
Solar,SXP,0.448,$ 280.31M,+2.23%
basedAI,BASEDAI,7.95,$ 275.21M,+0.01%
Conflux Network,CFX,0.256,$ 274.77M,+6.96%
Nano,XNO,2.06,$ 275.62M,+6.53%
Nano,NANO,2.06,$ 274.6M,+6.76%
Department Of Government Efficiency,DOGE,0.271,$ 271.41M,+6.54%
Open Campus,EDU,0.768,$ 268.07M,+5.37%
WorldMobileToken,WMTX,0.537,$ 264.14M,+4.95%
Verge,XVG,0.0159,$ 263.07M,+0.64%
Numeraire,NMR,25.44,$ 254.08M,+2.47%
Dogelon Mars,ELON,0.0‚ÇÜ26,$ 250.21M,+12.27%
SAGA,SAGA,2.78,$ 249.8M,+1.33%
DEGEN,DEGEN,0.0199,$ 248.25M,+9.47%
Tellor,TRB,94.36,$ 247.82M,+5.02%
ApeCoin,APE,1.88,$ 246.91M,+2.33%
Name,Symbol,Price,Market cap,24h change
Mythos,MYTH,0.336,$ 246.84M,+0.24%
Highstreet,HIGH,2.45,$ 244.85M,+11.11%
Wrapped Centrifuge,CFG,0.482,$ 244.01M,+5.24%
OKC,OKT,13.65,$ 243.16M,+10.79%
Cartesi,CTSI,0.242,$ 242.47M,+2.96%
Oraichain Token,ORAI,14.58,$ 241.96M,+12.54%
LimeWire,LMWR,0.383,$ 239.01M,-1.57%
Bloktopia,BLOK,0.00119,$ 238.28M,+1.00%
Celer Network,CELR,0.0307,$ 237.06M,+19.26%
JasmyCoin,JASMY,0.0498,$ 236.57M,-6.17%
Balancer,BAL,3.84,$ 231.87M,+4.74%
Origin protocol,OGN,0.163,$ 230.31M,+2.39%
PEAQ,PEAQ,0.61,$ 230.13M,+34.49%
iExec RLC,RLC,2.85,$ 228.26M,+1.01%
Marlin POND,POND,0.0253,$ 228.14M,+7.89%
Tether Gold,XAUT,"2,665.80",$ 227.7M,+0.22%
Bifrost,BFC,0.0564,$ 225.71M,+4.20%
Ontology,ONT,0.352,$ 224.38M,+5.33%
PIXEL,PIXEL,0.289,$ 222.56M,+0.85%
Zigcoin,ZIG,0.153,$ 222.22M,+0.33%
Liquity,LQTY,2.35,$ 220.84M,+26.64%
Velo,VELO,0.0296,$ 219.11M,+25.56%
ZetaChain,ZETA,0.925,$ 218.67M,+4.20%
DeepBook Token,DEEP,0.0862,$ 215.21M,+17.85%
aleph.im,ALEPH,0.214,$ 213.78M,-1.82%
Maple,MPL,22.78,$ 211.77M,-0.67%
Stader,SD,1.39,$ 208.56M,+2.47%
THENA,THE,2.47,$ 208.1M,+1.72%
Wilder World,WILD,0.629,$ 203.57M,+2.03%
Oasis Network,ROSE,0.135,$ 202.66M,+0.67%
Cream,CREAM,22.48,$ 202.05M,+4.86%
NodeAI,GPU,2.04,$ 200.82M,-2.63%
Audius,AUDIO,0.231,$ 201.11M,+3.75%
Scroll,SCR,1.06,$ 201.08M,-1.39%
Dent,DENT,0.00199,$ 199.56M,+2.99%
GoMining Token,GMT,0.48,$ 199.41M,+8.50%
Bitkub Coin,KUB,2.70,$ 198.52M,+3.93%
Goldfinch,GFI,2.27,$ 196.14M,-2.16%
UltimaEcosystem,ULTIMA,"4,621.34",$ 194.52M,-2.76%
Venus,XVS,11.67,$ 194.36M,+5.05%
BounceBit,BB,0.474,$ 194.24M,+6.76%
BORA,BORA,0.161,$ 193.98M,+2.07%
Alpha Finance Lab,ALPHA,0.132,$ 191.95M,+4.67%
Mines of Dalarnia,DAR,0.24,$ 191.74M,+7.06%
Aleph Zero,AZERO,0.62,$ 190.65M,+0.29%
Ontology Gas,ONG,0.479,$ 190.48M,+5.04%
RSS3,RSS3,0.19,$ 190.41M,-1.72%
Akash,AKT,4.66,$ 189.66M,-1.53%
Sundog,SUNDOG,0.189,$ 189.33M,-4.20%
Synapse Protocol,SYN,0.996,$ 189.28M,+15.07%
Name,Symbol,Price,Market cap,24h change
Synapse,SYN,0.992,$ 188.5M,+14.52%
Phala Network,PHA,0.188,$ 188.43M,+2.77%
SPACE ID,ID,0.658,$ 188.33M,+0.91%
Coin98,C98,0.271,$ 187.79M,+2.81%
Civic,CVC,0.186,$ 186.09M,+0.37%
Fartcoin,FARTCOIN,0.185,$ 185.6M,-17.32%
Nosana,NOS,3.84,$ 185.04M,+1.01%
Celsius Network,CEL,0.262,$ 181.59M,+2.87%
Spell Token,SPELL,0.00118,$ 179.57M,+4.71%
Everipedia,IQ,0.0111,$ 179.4M,+5.72%
Catizen,CATI,0.586,$ 178.75M,+2.43%
AI Companions,AIC,0.198,$ 178.18M,+0.70%
TrueFi,TRU,0.142,$ 177.63M,+1.36%
Lisk,LSK,1.38,$ 177.66M,+1.99%
ANyONe Protocol,ANYONE,1.93,$ 177.37M,-2.45%
Landwolf,WOLF,0.000196,$ 176.67M,+33.52%
COQINU,COQ,0.0‚ÇÖ253,$ 175.85M,+2.94%
Bone ShibaSwap,BONE,0.694,$ 173.5M,+8.23%
Alephium,ALPH,2.00,$ 173.38M,+1.71%
My Neighbor Alice,ALICE,1.87,$ 172.6M,+5.12%
Alethea Artificial Liquid Intelligence Token,ALI,0.021,$ 171.86M,+3.55%
ERGO,ERG,2.17,$ 170.53M,+6.58%
Zentry,ZENT,0.0279,$ 170.26M,+5.53%
ALEO,ALEO,1.65,$ 166.88M,+0.77%
sudeng,HIPPO,0.0167,$ 166.82M,+5.65%
Orbs,ORBS,0.0379,$ 166.48M,+3.75%
Symbol,XYM,0.0298,$ 166.43M,+1.47%
Voxies,VOXEL,0.274,$ 164.33M,+1.93%
TokenFi,TOKEN,0.0816,$ 163.93M,+6.19%
Pundi X,PUNDIX,0.632,$ 163.22M,+1.40%
NetMind Token,NMT,3.85,$ 162.69M,+1.54%
Syscoin,SYS,0.182,$ 161.26M,+7.91%
Bounce,AUCTION,21.00,$ 160.43M,-0.79%
Automata Network,ATA,0.148,$ 159.89M,+4.55%
LUMIA,LUMIA,2.17,$ 159.9M,+4.97%
WINkLink,WIN,0.000155,$ 159.33M,+5.24%
CARV,CARV,1.06,$ 159.19M,-0.89%
michi,$MICHI,0.284,$ 158.13M,+4.88%
COTI,COTI,0.181,$ 157.39M,+2.86%
Sun,SUN,0.0314,$ 156.1M,+2.30%
Taiko Token,TAIKO,2.36,$ 155.9M,+0.47%
Banana,BANANA,59.62,$ 154.64M,+2.95%
SLERF,SLERF,0.309,$ 154.62M,+8.77%
Aurora,AURORA,0.279,$ 153.92M,-0.44%
ECOMI,OMI,0.000564,$ 152.91M,-12.52%
Cetus,CETUS,0.453,$ 152.69M,+8.84%
AITECH,AITECH,0.141,$ 152.04M,+1.43%
Helium Mobile,MOBILE,0.00175,$ 151.06M,+44.57%
Mobox,MBOX,0.318,$ 149.63M,+5.26%
Venom,VENOM,0.0783,$ 148.29M,+3.41%
Name,Symbol,Price,Market cap,24h change
Prosper,PROS,0.741,$ 148.17M,+3.99%
dKargo,DKA,0.0296,$ 147.82M,+1.53%
Seedify.fund,SFUND,2.29,$ 145.72M,+6.04%
ACEToken,ACE,3.57,$ 145.33M,+3.01%
Unizen,ZCX,0.21,$ 144.9M,+11.76%
Velodrome Finance,VELO,0.167,$ 144.68M,+13.69%
Covalent X Token,CXT,0.151,$ 144.64M,+0.00%
Perpetual Protocol,PERP,1.25,$ 144.21M,+6.46%
Santos FC Fan Token,SANTOS,4.75,$ 142.54M,+1.85%
Lista DAO,LISTA,0.617,$ 141.98M,+3.39%
TOSHI,TOSHI,0.000338,$ 142.21M,+3.00%
Steem,STEEM,0.298,$ 142.26M,+5.37%
CoW Protocol,COW,0.519,$ 141.58M,+11.79%
Omni Network,OMNI,13.52,$ 140.52M,-0.20%
CertiK,CTK,0.998,$ 139.42M,+0.86%
Prometeus,PROM,7.33,$ 139.27M,+2.92%
X Empire,X,0.000202,$ 139.21M,+5.37%
Gods Unchained,GODS,0.278,$ 138.94M,+5.96%
Orchid Protocol,OXT,0.137,$ 137.42M,-0.28%
JOE,JOE,0.627,$ 137.16M,+0.30%
Mumu the Bull,MUMU,0.0000601,$ 137.23M,+21.98%
Myro,$MYRO,0.137,$ 136.98M,+10.47%
dYdX Token,DYDX,2.45,$ 136.39M,+7.16%
Bitgert,BRISE,0.0‚ÇÜ136,$ 136.04M,+6.84%
DAO Maker,DAO,0.542,$ 135.9M,+3.25%
SuperRare,RARE,0.19,$ 135.9M,+12.33%
AIT Protocol,AIT,0.138,$ 134.28M,+15.73%
Gitcoin,GTC,1.33,$ 132.1M,+5.04%
Stox,STX,2.68,$ 131.33M,+0.11%
H2O DAO,H2O,0.159,$ 131.23M,+1.47%
Acala,ACA,0.115,$ 130.89M,+1.95%
STASIS EURO,EURS,1.05,$ 130.95M,-0.33%
Chain,XCN,0.00278,$ 130.25M,-0.31%
RATS BRC,RATS,0.00013,$ 129.95M,+7.63%
MovieBloc,MBL,0.00433,$ 129.75M,+0.98%
BENQI,QI,0.0254,$ 129.56M,+3.04%
Radio Caca,RACA,0.000315,$ 129.55M,+2.07%
Boba Network,BOBA,0.32,$ 127.05M,+0.25%
Ardor,ARDR,0.125,$ 124.97M,+3.72%
The Doge NFT,DOG,0.00734,$ 124.93M,+12.66%
QuarkChain,QKC,0.0131,$ 124.21M,+2.28%
WAX,WAXP,0.0642,$ 123.22M,+3.40%
Beta Finance,BETA,0.0615,$ 123.02M,+2.21%
Adventure Gold,AGLD,1.58,$ 122.21M,+2.40%
SIDUS HEROES,SIDUS,0.00684,$ 122.34M,+9.82%
Propchain,PROPC,1.78,$ 121.84M,-2.96%
SdexToken,SDEX,0.0136,$ 121.56M,-0.97%
Shadow Token,SHDW,0.751,$ 121.49M,+6.34%
Radiant Capital,RDNT,0.103,$ 120.61M,+0.91%
Aavegotchi,GHST,1.47,$ 120.4M,-1.72%
Name,Symbol,Price,Market cap,24h change
STP Network,STPT,0.0618,$ 119.92M,+6.40%
Ultra,UOS,0.137,$ 119.12M,+8.80%
Hive,HIVE,0.32,$ 119.05M,+2.27%
Coreum,COREUM,0.307,$ 117.99M,+3.40%
Milady,LADYS,0.0‚ÇÜ133,$ 117.75M,+18.78%
DIA,DIA,0.982,$ 117.49M,-0.48%
Dusk,DUSK,0.318,$ 114.67M,+2.38%
XAI,XAI,0.413,$ 114.42M,+0.49%
DODO,DODO,0.215,$ 113.08M,+3.94%
OX Coin,OX,0.03,$ 112.95M,-2.82%
Bancor,BNT,0.933,$ 112.88M,+4.20%
Hifi Finance,HIFI,0.795,$ 112.53M,+3.22%
Wojak Coin,WOJAK,0.00161,$ 112.17M,+10.52%
WEN,WEN,0.000154,$ 112.05M,+10.21%
Mister Miggles,MIGGLES,0.116,$ 111.05M,+6.22%
Telos,TLOS,0.254,$ 109.63M,+0.26%
Secret,SCRT,0.68,$ 109.68M,+4.60%
Merlin Chain,MERL,0.476,$ 107.83M,-0.77%
ResearchCoin,RSC,1.05,$ 107.74M,+8.99%
Tokenlon,LON,0.866,$ 107.28M,+2.59%
VIDT DAO,VIDT,0.0534,$ 106.75M,+1.54%
Autonolas,OLAS,2.20,$ 106.61M,+8.55%
Shibabitcoin,SHIBTC,1.23,$ 106M,+0.04%
Request Network,REQ,0.145,$ 105.84M,+4.45%
Sleepless AI Token,AI,0.813,$ 105.73M,+0.23%
NFPrompt Token,NFP,0.421,$ 105.36M,-1.25%
OPENLOOT,OL,0.452,$ 105.34M,-7.15%
Maverick Protocol,MAV,0.314,$ 104.33M,-0.20%
Boson Protocol,BOSON,0.52,$ 103.97M,+15.43%
WazirX,WRX,0.246,$ 102.99M,+8.74%
Moca,MOCA,0.0899,$ 102.27M,+6.30%
Loom Network,LOOM,0.078,$ 101.41M,+3.12%
Tensor,TNSR,0.811,$ 101.34M,+2.14%
Polyhedra Network,ZK,1.68,$ 101.23M,+7.20%
STEPN,GMT,0.244,$ 101.14M,+3.55%
Wrapped Matic,WMATIC,0.706,$ 100.49M,+5.19%
Energy Web Token,EWT,1.86,$ 100.09M,-1.88%
Altura,ALU,0.158,$ 98.88M,+9.96%
Neutron,NTRN,0.649,$ 98.6M,+3.56%
Bella Protocol,BEL,0.897,$ 97.69M,+4.42%
GameBuild,GAME,0.00604,$ 97.72M,+3.66%
Badger DAO,BADGER,4.66,$ 97.42M,+0.47%
Zero1 Token,DEAI,0.997,$ 96.51M,+7.06%
ZEUS,ZEUS,0.576,$ 96.44M,-1.82%
ApeX Protocol,APEX,1.99,$ 96.29M,+4.75%
LTO Network,LTO,0.22,$ 95.45M,-1.27%
LeverFi,LEVER,0.00282,$ 95.03M,+2.77%
MemeFi,MEMEFI,0.00946,$ 94.6M,+2.44%
PORTAL,PORTAL,0.561,$ 93.71M,-1.91%
PUFFER,PUFFER,0.912,$ 93.31M,+14.65%
Name,Symbol,Price,Market cap,24h change
Chainflip,FLIP,2.45,$ 91.87M,+1.07%
Horizen,ZEN,17.74,$ 91.71M,+3.81%
SoMee.Social,ONG,0.479,$ 91.7M,+5.14%
Propy,PRO,1.60,$ 91.16M,-0.30%
Terra,LUNA,0.726,$ 90.45M,-0.19%
PlatON,LAT,0.0149,$ 90.6M,-13.90%
BOBO,BOBO,0.0‚ÇÖ131,$ 90.26M,+0.82%
StormX,STMX,0.00896,$ 89.63M,+1.42%
Band Protocol,BAND,2.24,$ 89.54M,+6.77%
Pangolin,PNG,0.41,$ 89.45M,-2.89%
MARBLEX,MBX,0.50,$ 88.44M,-0.07%
Metal,MTL,2.71,$ 88.27M,-6.56%
New Kind of Network,NKN,0.136,$ 88.16M,+1.01%
Decentralized Social,DESO,9.92,$ 88.1M,+9.13%
Bluzelle,BLZ,0.194,$ 87.73M,+4.42%
Akropolis,AKRO,0.00575,$ 86.19M,+1.63%
GT-Protocol,GTAI,1.15,$ 85.94M,+2.85%
MANEKI,MANEKI,0.00968,$ 85.72M,+6.24%
why,WHY,0.0‚ÇÜ204,$ 85.65M,+7.49%
Victoria VR,VR,0.0124,$ 85.08M,-11.44%
HUNT,HUNT,0.427,$ 84.82M,+0.79%
Radicle,RAD,1.77,$ 84.57M,+1.80%
ALEX Lab,ALEX,0.139,$ 84.11M,+1.34%
Braintrust token,BTRST,0.575,$ 84.08M,+0.31%
Ethernity Chain,ERN,3.48,$ 84.02M,+4.01%
REI Network,REI,0.0858,$ 83.59M,+1.84%
MAGA,TRUMP,1.72,$ 82.75M,+1.47%
Neiro,NEIRO,0.0826,$ 82.57M,+10.75%
Hippocrat,HPO,0.0761,$ 82.5M,+8.96%
Euro Coin,EUROC,1.06,$ 82.12M,-0.04%
Dasha,VVAIFU,0.082,$ 81.77M,+35.65%
OMG Network,OMG,0.582,$ 81.67M,+3.29%
UXLINK Token,UXLINK,0.65,$ 81.36M,+1.70%
ARK,ARK,0.763,$ 81.23M,+1.79%
Access Protocol,ACS,0.00214,$ 81.1M,+3.46%
Gains Network,GNS,2.79,$ 80.52M,+0.15%
First Convicted RACCON,FRED,0.0792,$ 79.18M,-0.35%
Linear,LINA,0.0079,$ 78.95M,+3.28%
ChainGPT,CGPT,0.242,$ 79.11M,+12.45%
Lazio Fan Token,LAZIO,1.96,$ 78.24M,+2.62%
Swell Network,Swell,0.0496,$ 77.73M,+9.73%
Shapeshift FOX Token,FOX,0.0848,$ 77.59M,+17.58%
Oort Token,OORT,0.27,$ 77.13M,+23.65%
Alchemix,ALCX,27.08,$ 76.74M,+4.98%
RIF Token,RIF,0.0766,$ 76.58M,+3.37%
Rifampicin,$RIF,0.0766,$ 76.58M,+1.81%
Islamic Coin,ISLM,0.0705,$ 76.3M,+2.45%
Small Love Potion,SLP,0.00539,$ 76M,+1.39%
Tornado Cash,TORN,14.43,$ 75.89M,-8.04%
AI Doge,AIDOGE,0.0‚Çâ445,$ 75.46M,+14.66%
Name,Symbol,Price,Market cap,24h change
GameFi,GAFI,5.02,$ 75.09M,+9.08%
Polkastarter,POLS,0.605,$ 74.89M,+16.39%
Rarible,RARI,2.99,$ 74.68M,+2.87%
GamerCoin,GHX,0.12,$ 74.49M,-0.40%
Masa,MASA,0.147,$ 74.08M,+2.15%
MODE,MODE,0.0569,$ 73.98M,+20.20%
AERGO Chain,AERGO,0.148,$ 73.94M,+3.76%
Hoppy,HOPPY,0.000176,$ 73.84M,+18.02%
Renzo,REZ,0.0639,$ 73.5M,+6.24%
Luna by Virtuals (Wormhole),LUNA,0.0733,$ 73.26M,+0.63%
Ampleforth,AMPL,1.46,$ 73.17M,-5.03%
JUST,JST,0.051,$ 73.06M,+2.65%
MediBloc,MED,0.0134,$ 72.04M,+3.19%
Verasity,VRA,0.00731,$ 71.98M,+3.35%
DOLA,DOLA,0.998,$ 71.57M,+0.13%
Account Abstraction Incentive,AA,0.238,$ 71.41M,+2.87%
Trias Token,TRIAS,7.18,$ 71.26M,+8.39%
Litentry,LIT,1.20,$ 71.12M,+2.14%
Dimitra,DMTR,0.138,$ 71.04M,+6.69%
GEMS,GEMS,0.163,$ 70.6M,+4.83%
Alpine F1 Team Fan Token,ALPINE,1.75,$ 70.08M,+2.05%
HOPR,HOPR,0.143,$ 70.08M,+52.49%
Aevo,AEVO,0.633,$ 69.56M,+7.06%
CumRocket,CUMMIES,0.00731,$ 69.56M,+7.32%
DIMO,DIMO,0.251,$ 69.28M,+9.31%
Artrade,ATR,0.0524,$ 68.83M,+25.31%
LooksRare,LOOKS,0.0686,$ 68.55M,+7.02%
Stronghold Token,SHX,0.0127,$ 68.5M,+0.87%
Liquity USD,LUSD,0.998,$ 67.77M,+0.25%
Neurashi,NEI,0.0113,$ 67.69M,+27.00%
Cloud,CLOUD,0.375,$ 67.47M,-0.29%
MATH,MATH,0.375,$ 67.45M,+4.50%
Ampleforth Governance Token,FORTH,5.07,$ 67M,+3.57%
Flamingo,FLM,0.105,$ 66.66M,+3.26%
Gemini dollar,GUSD,1.00,$ 66.24M,+0.02%
Wrapped NXM,WNXM,84.39,$ 65.14M,+4.37%
mCoin,MCOIN,0.162,$ 64.95M,+2.93%
MOTHER IGGY,MOTHER,0.0656,$ 64.97M,+1.25%
PeiPei,PEIPEI,0.0‚ÇÜ156,$ 64.28M,+18.04%
Viction,VIC,0.539,$ 64.15M,-0.71%
WAGMI GAMES,WAGMIGAMES,0.0000299,$ 63.53M,+0.70%
Paris Saint-Germain Fan Token,PSG,3.18,$ 63.55M,+1.25%
Metacade,MCADE,0.0355,$ 63.14M,+59.52%
Kishu Inu,KISHU,0.0‚Çâ626,$ 62.63M,+30.70%
MAP Protocol,MAPO,0.0121,$ 62.42M,+0.47%
CyberConnect,CYBER,5.57,$ 61.47M,+7.77%
Nuls,NULS,0.558,$ 61.53M,+2.76%
Heroes of Mavia,MAVIA,1.94,$ 61.36M,+2.48%
VITA INU,VINU,0.0‚Çá678,$ 60.99M,+2.51%
Pocket Network,POKT,0.0638,$ 60.15M,+5.99%
Name,Symbol,Price,Market cap,24h change
Assemble Protocol,ASM,0.0397,$ 59.51M,+6.61%
FUNToken,FUN,0.00545,$ 59.15M,-2.38%
Layer3,L3,0.123,$ 58.61M,+0.77%
Stargate Finance,STG,0.439,$ 58.6M,+1.26%
Grok,GROK,0.00884,$ 58.44M,+14.56%
League of Kingdoms Arena,LOKA,0.313,$ 58.09M,+4.61%
Zebec Network,ZBCN,0.0014,$ 57.71M,+10.29%
AllianceBlock Nexera Token,NXRA,0.07,$ 57.47M,-4.76%
Ancient8,A8,0.268,$ 57.14M,+22.06%
Alkimi,ADS,0.384,$ 56.76M,-2.56%
Cornucopias,COPI,0.059,$ 56.6M,+2.18%
PepeFork,PORK,0.0‚ÇÜ133,$ 55.84M,+9.80%
Memes AI,MemesAI,0.0557,$ 55.66M,+16.98%
Parcl,PRCL,0.459,$ 55.65M,+1.00%
DEAPCoin,DEP,0.00185,$ 55.36M,+2.81%
Alpha,ALPHA,0.132,$ 55.34M,+5.01%
Hathor,HTR,0.121,$ 55.4M,+1.78%
Strike,STRK,10.30,$ 55M,+0.22%
Port3 Network,PORT3,0.0553,$ 54.03M,-6.70%
Klever,KLV,0.00598,$ 53.96M,-6.78%
Orderly Network,ORDER,0.259,$ 53.94M,+10.18%
NAVI Protocol,NAVX,0.164,$ 53.87M,+8.33%
deBridge,DBR,0.0299,$ 53.8M,+4.17%
bitsCrunch,BCUT,0.112,$ 53.77M,-3.24%
Guild of Guardians,GOG,0.0536,$ 53.59M,+4.20%
Tron Bull,BULL,0.0532,$ 53.18M,+12.35%
A Hunters Dream,CAW,0.0‚Çá797,$ 53.14M,+7.78%
Hashflow,HFT,0.303,$ 53.02M,+1.99%
Stafi,FIS,0.484,$ 52.76M,+6.31%
Moonriver,MOVR,19.39,$ 52.74M,-1.79%
ICE,ICE,0.00766,$ 52.06M,+6.45%
MOO DENG,MOODENG,0.000127,$ 51.96M,+4.89%
Taraxa,TARA,0.0118,$ 52.21M,+1.36%
Samoyedcoin,SAMO,0.0122,$ 51.65M,+3.47%
PolySwarm,NCT,0.0274,$ 51.6M,-0.58%
Tranchess,CHESS,0.264,$ 51.21M,+3.85%
Shrub,SHRUB,0.0532,$ 50.71M,+5.88%
Self Chain,SLF,0.518,$ 50.22M,+2.89%
Kava,KAVA,0.713,$ 50.03M,+1.06%
Foxy,FOXY,0.0165,$ 49.57M,+6.39%
UFO Gaming,UFO,0.0‚ÇÜ959,$ 49.38M,+5.98%
Alien Worlds,TLM,0.0186,$ 48.58M,+3.28%
Alpaca Finance,ALPACA,0.262,$ 48.52M,-1.13%
Quickswap[New],QUICK,0.0652,$ 48.32M,+3.04%
VAIOT,VAI,0.139,$ 48.36M,+16.33%
FIO Protocol,FIO,0.0598,$ 47.76M,+2.62%
Rocky Rabbit,RBTC,0.0‚ÇÖ64,$ 47.64M,-3.02%
Fractal Bitcoin,FB,6.21,$ 46.9M,+2.11%
LayerAI Token,LAI,0.0195,$ 46.87M,-3.11%
dForce,DF,0.0467,$ 46.71M,+1.77%
Name,Symbol,Price,Market cap,24h change
COMBO,COMBO,0.647,$ 45.96M,+4.87%
TARS AI,TAI,0.385,$ 45.9M,-1.12%
Kendu Inu,Kendu,0.0000462,$ 45.86M,+54.20%
e-RADIX,EXRD,0.038,$ 45.55M,+3.93%
XEN Crypto,XEN,0.0‚ÇÜ295,$ 45.37M,+33.79%
Oasys,OAS,0.0515,$ 44.83M,+2.53%
Smoking Chicken Fish,SCF,0.0486,$ 44.49M,+2.40%
GameStop,GME,0.00644,$ 44.42M,-3.21%
Tokocrypto,TKO,0.589,$ 44.15M,+15.18%
DADDY TATE,DADDY,0.0755,$ 44.05M,+0.11%
The Root Network,ROOT,0.0422,$ 43.84M,+3.27%
Shuffle,SHFL,0.235,$ 43.41M,+2.61%
Coinweb,CWEB,0.0076,$ 42.98M,+19.60%
MAGA,MAGA,0.000102,$ 43.09M,+15.78%
Opulous,OPUL,0.115,$ 42.8M,-8.51%
Komodo,KMD,0.386,$ 42.68M,+2.97%
Harvest Finance,FARM,61.91,$ 42.53M,+4.05%
Euro Tether,EURT,1.06,$ 42.32M,-0.03%
Aventus,AVT,3.96,$ 42.3M,+23.38%
MUBI,MUBI,0.0457,$ 42.3M,+6.90%
Graphlinq Protocol,GLQ,0.124,$ 42.02M,+4.63%
district0x,DNT,0.0698,$ 41.86M,-0.20%
Mercury Protocol,GMT,0.244,$ 41.56M,+3.90%
RichQUACK.com,QUACK,0.0‚Çâ936,$ 41.52M,+4.70%
unilend.finance,UFT,0.375,$ 41.43M,+4.23%
Ethervista,VISTA,41.15,$ 41.15M,+10.92%
Alpha Quark Token,AQT,1.52,$ 40.62M,+0.79%
AirDAO,AMB,0.0128,$ 40.25M,-6.37%
DOGE KILLER,LEASH,378.02,$ 40.26M,+3.40%
Storx network,SRX,0.0887,$ 40M,+38.17%
AC Milan Fan Token,ACM,1.98,$ 39.64M,+2.78%
Game.com,GTC,1.32,$ 39.48M,+4.45%
Burger Swap,BURGER,0.654,$ 39.43M,+2.26%
Streamr DATAcoin,DATA,0.0581,$ 39.33M,+2.29%
Shoggoth,SHOGGOTH,0.0393,$ 39.28M,+1.95%
Juventus Fan Token,JUV,1.96,$ 39.22M,+2.80%
Synternet Token,SYNT,0.0578,$ 38.46M,+0.88%
Tectum,TET,9.38,$ 38.41M,-1.39%
BILLY,BILLY,0.0388,$ 38.09M,+3.20%
Pirate Nation,PIRATE,0.172,$ 37.33M,+0.27%
Persistence,XPRT,0.199,$ 37.37M,+3.96%
PlayDapp,PDA,0.0619,$ 37.26M,+3.84%
SUKU,SUKU,0.107,$ 36.87M,-2.46%
Swarm,BZZ,0.581,$ 36.69M,+5.34%
PARSIQ,PRQ,0.119,$ 36.59M,+8.28%
CLORE,CLORE,0.146,$ 36.52M,-5.55%
Neon EVM,NEON,0.625,$ 36.04M,-10.66%
Matr1x,MAX,0.275,$ 35.89M,-0.91%
Brickken,BKN,0.501,$ 35.85M,-2.07%
Wing Finance,WING,7.57,$ 35.76M,+5.65%
Name,Symbol,Price,Market cap,24h change
Biswap,BSW,0.102,$ 35.64M,+4.28%
RESISTANCE DOG,REDO,0.357,$ 35.66M,+11.29%
AdEx,ADX,0.247,$ 35.53M,+3.89%
SingularityDAO,SDAO,0.364,$ 34.9M,+7.95%
Dego Finance,DEGO,3.47,$ 34.81M,+5.51%
pSTAKE Finance,PSTAKE,0.0706,$ 34.66M,+7.74%
ROGin AI,ROG,0.511,$ 34.26M,-0.24%
Hooked Protocol,HOOK,0.684,$ 34.2M,+3.41%
Sperax,SPA,0.0201,$ 34.07M,+14.71%
Basenji,BENJI,0.0365,$ 33.62M,+3.68%
Big Time,BIGTIME,0.217,$ 33.13M,+2.43%
Wanchain,WAN,0.311,$ 32.98M,+6.06%
Matr1x Fire Token,FIRE,0.942,$ 32.93M,+6.65%
Index Cooperative,INDEX,4.49,$ 32.57M,+11.04%
Vertex,VRTX,0.0851,$ 32.5M,-1.52%
sUSD Synthetix,SUSD,0.993,$ 32.4M,-0.23%
Camelot Token,GRAIL,"1,665.12",$ 32.15M,+18.27%
Wirex,WXT,0.00346,$ 32.15M,+3.68%
Altered State Machine Utility Token,ASTO,0.04,$ 32.12M,-7.16%
Urolithin A,$URO,0.0321,$ 32.11M,+11.83%
Electroneum,ETN,0.00402,$ 32.06M,-9.40%
SwftCoin,SWFTC,0.00877,$ 31.93M,+3.37%
MAGIC,MAGIC,0.695,$ 31.74M,+8.05%
TopGoal Token,GOAL,0.0557,$ 31.44M,+53.73%
Polytrade,TRADE,0.826,$ 31.38M,+2.15%
MLTToken,ML,0.198,$ 31.24M,-7.14%
HyperGPT,HGPT,0.0496,$ 31.24M,+2.43%
FC Barcelona Fan Token,BAR,2.47,$ 31.18M,+3.69%
Inverse Finance,INV,51.94,$ 30.78M,+11.34%
Scallop,SCA,0.459,$ 30.74M,+6.09%
Elastos,ELA,3.18,$ 30.53M,+7.76%
Proton,XPR,0.00151,$ 30.21M,+6.23%
UTRUST,UTK,0.067,$ 30.16M,+1.38%
mETH Protocol,COOK,0.0314,$ 30.1M,+7.88%
Ren,REN,0.0494,$ 29.77M,+4.76%
MVL,MVL,0.00603,$ 29.84M,+1.62%
MON,MON,0.14,$ 29.57M,+9.60%
XSGD,XSGD,0.747,$ 29.19M,+0.13%
ZKLink,ZKL,0.15,$ 28.9M,-0.39%
ZTX,ZTX,0.00679,$ 28.52M,+1.15%
DefiPulse Index,DPI,157.34,$ 27.83M,-0.72%
KiboShib,KIBSHI,0.0000282,$ 28.14M,+16.67%
DappRadar,RADAR,0.00733,$ 28.02M,+8.36%
BOB,BOB,0.0000404,$ 27.86M,+19.12%
Pandora,PANDORA,"2,785.35",$ 27.85M,+15.83%
GMX,GMX,43.06,$ 27.73M,+12.65%
SHPING,SHPING,0.012,$ 27.43M,+12.41%
Midnight,MDT,0.0659,$ 27.14M,+1.01%
Dynex,DNX,0.374,$ 26.92M,-2.71%
Artyfact,ARTY,1.25,$ 26.73M,-0.81%
Name,Symbol,Price,Market cap,24h change
iMe Lab,LIME,0.0605,$ 26.16M,-5.45%
CryptoForeX,CFX,0.256,$ 25.56M,+6.64%
XCAD Network,XCAD,0.487,$ 25.5M,-0.46%
Lambda,LAMB,0.00421,$ 25.29M,+1.93%
Green Satoshi Token (SOL),GST,0.0265,$ 25.26M,+1.91%
DFI.money,YFII,629.20,$ 25M,+7.37%
Pixelverse,PIXFI,0.00497,$ 24.82M,+5.77%
Phil,PHIL,0.0249,$ 24.88M,+4.26%
Data Ownership Protocol,DOP,0.00293,$ 24.7M,+8.60%
AdEx (old),ADX,0.247,$ 24.66M,+4.43%
OG Fan Token,OG,5.91,$ 24.4M,+1.68%
Kava Lend,HARD,0.197,$ 24.32M,+7.00%
Atletico Madrid Fan Token,ATM,2.41,$ 24.14M,+2.63%
Pluton,PLU,2.47,$ 23.95M,+0.54%
Cryptex,CTX,3.54,$ 23.78M,+3.80%
Avalon,AVA,0.809,$ 23.71M,+5.07%
Tenset,10SET,0.277,$ 23.6M,-0.19%
Cratos,CRTS,0.000376,$ 23.45M,+4.04%
Katana Inu,KATA,0.000848,$ 23.31M,+1.61%
Handshake,HNS,0.0359,$ 23.03M,+11.97%
Ultiverse Token,ULTI,0.0164,$ 22.95M,+1.46%
PIVX,PIVX,0.351,$ 22.22M,-0.52%
OpenPlatform,OPEN,0.0125,$ 21.85M,+6.06%
Apeiron,APRS,0.213,$ 21.83M,+10.93%
Melon,MLN,21.86,$ 21.81M,+0.80%
Smart Layer Network Token,SLN,0.276,$ 21.68M,-0.57%
Keep3rV1,KP3R,42.22,$ 21.66M,+39.78%
Kyber Network,KNC,0.834,$ 21.59M,+6.36%
numogram,GNON,0.0216,$ 21.56M,+87.38%
Cellframe,CELL,0.702,$ 21.27M,+3.98%
PEPE2.0,PEPE2.0,0.0‚Çá452,$ 21.21M,+17.65%
TROLL,TROLL,0.0‚Çá22,$ 21.11M,+7.52%
Creo Engine,CREO,0.0599,$ 20.99M,-5.91%
Synesis One,SNS,0.0375,$ 19.74M,-11.30%
MultiVAC,MTV,0.00104,$ 19.81M,+4.52%
UPCX,UPC,4.72,$ 19.6M,+2.67%
nubcat,NUB,0.0206,$ 19.55M,+0.53%
QnA3.AI Token,GPT,0.109,$ 19.43M,+3.40%
Orion Protocol,ORN,2.18,$ 19.42M,+6.11%
HELLO,HELLO,0.0266,$ 19.34M,+3.16%
zkRace,ZERC,0.161,$ 19.29M,+4.37%
Manchester City Fan Token,CITY,2.37,$ 19.13M,+4.09%
PolyDoge,POLYDOGE,0.0‚Çá191,$ 19.11M,+15.29%
Entangle,NGL,0.174,$ 19.06M,-6.34%
AirSwap,AST,0.125,$ 18.78M,+3.29%
Carbon,CSIX,0.0325,$ 18.56M,+5.95%
DUEL Token,DUEL,0.00626,$ 18.51M,+6.52%
Reef Finance,REEF,0.00206,$ 18.43M,+7.48%
IRIS Network,IRIS,0.012,$ 19.34M,+33.58%
Firo,FIRO,1.79,$ 18.09M,+0.88%
Name,Symbol,Price,Market cap,24h change
PENG,PENG,0.18,$ 18M,+14.58%
Starlink,STARL,0.0‚ÇÖ173,$ 17.28M,+10.27%
Viberate,VIB,0.0965,$ 17.15M,+5.98%
Alvara,ALVA,0.412,$ 17.04M,+5.90%
Myria,MYRIA,0.0042,$ 16.85M,+7.99%
MSTR2100,MSTR,0.809,$ 16.71M,-8.78%
FC Porto Fan Token,PORTO,2.11,$ 16.48M,+3.65%
OVR,OVR,0.318,$ 16.29M,+7.23%
Statter,STT,0.324,$ 16.31M,+0.83%
Inspect,INSP,0.0502,$ 16.09M,-5.22%
Akita Inu,AKITA,0.0‚ÇÜ164,$ 15.96M,+9.69%
NYAN,NYAN,0.157,$ 15.82M,+9.05%
Silly Dragon,SILLY,0.0154,$ 15.45M,+1.17%
Only1,LIKE,0.0565,$ 15.43M,+0.33%
LumiWave,LWA,0.0283,$ 15.38M,-0.29%
AS Roma Fan Token,ASR,2.41,$ 15.33M,+2.97%
BarnBridge,BOND,1.53,$ 15.28M,+0.07%
NYM,NYM,0.129,$ 15.25M,+3.94%
Catcoin,CAT,0.0‚Çâ304,$ 15.21M,+13.07%
Rejuve Token,RJV,0.0246,$ 15.13M,+1.79%
Solchat,CHAT,1.68,$ 15.12M,+36.13%
Ben the Dog,BENDOG,0.0151,$ 15.08M,+16.50%
PLAYA3ULL GAMES,3ULL,0.00316,$ 14.91M,+1.43%
Step App,FITFI,0.00435,$ 14.81M,-0.25%
TOMI,TOMI,0.0234,$ 14.81M,+5.13%
Ispolink,ISP,0.00178,$ 14.75M,-3.10%
Mystiko Token,XZK,0.0426,$ 14.73M,+9.51%
Dmail Network,DMAIL,0.338,$ 14.73M,-5.10%
Ginnan Doge's Sister,GINNAN,0.0‚ÇÖ212,$ 14.7M,+0.64%
QORPO Token,QORPO,0.156,$ 14.47M,+14.14%
Aeternity,AE,0.0527,$ 14.42M,+14.17%
Zeta,ZEX,0.0858,$ 14.38M,+7.40%
ChessCoin,CHESS,0.263,$ 14.23M,+3.60%
Nibiru Chain,NIBI,0.0745,$ 13.91M,-1.53%
Dogechain,DC,0.000417,$ 13.78M,+9.13%
Bubble,BUBBLE,0.00998,$ 13.79M,+0.06%
CATWIFHAT,CWIF,0.0‚ÇÜ421,$ 13.66M,+10.48%
Gari Network,GARI,0.0135,$ 13.43M,+5.39%
SubQuery,SQT,0.00736,$ 13.27M,-3.64%
Voyager Token,VGX,0.0133,$ 13.26M,-2.53%
Humanode,HMND,0.151,$ 13M,+17.40%
Fuse Token,FUSE,0.0434,$ 12.99M,+9.66%
Swisscheese,SWCH,0.337,$ 12.87M,-2.51%
Xraders,XR,0.679,$ 12.63M,-2.88%
Ethereum Push Notification Service,PUSH,0.13,$ 12.62M,+8.66%
Cookie,COOKIE,0.0582,$ 12.6M,+3.91%
Cross The Ages,CTA,0.0374,$ 12.23M,-2.34%
Orange Crypto BRC,ORNJ,0.145,$ 12.1M,+3.94%
Muse,MUSE,12.41,$ 11.79M,-3.85%
Clover Finance,CLV,0.0902,$ 11.62M,-0.22%
Name,Symbol,Price,Market cap,24h change
BLOCKLORDS,LRDS,0.70,$ 11.51M,-0.49%
Duko,DUKO,0.00114,$ 11.35M,+1.92%
HAPI,HAPI,15.45,$ 11.31M,+15.76%
UnMarshal,MARSH,0.121,$ 11.27M,+5.48%
BEAM,BEAM,0.0754,$ 11.18M,+0.91%
Ternoa,CAPS,0.00653,$ 10.98M,-1.63%
eesee,ESE,0.0338,$ 10.92M,+6.69%
LandWolf,WOLF,0.00107,$ 10.67M,+9.06%
Omax Coin,OMAX,0.00122,$ 10.55M,-3.16%
ZeroLend,ZERO,0.000389,$ 10.52M,+2.16%
DEFI,DEFI,0.032,$ 10.5M,+2.21%
Minati,MNTC,1.90,$ 10.4M,+5.96%
ETHEREUM IS GOOD,EBULL,0.00104,$ 10.37M,+33.41%
Metahero,HERO,0.00201,$ 10.28M,+3.12%
Comtech Gold,CGO,84.28,$ 10.2M,-0.34%
PowerPool Concentrated Voting Power,CVP,0.121,$ 10.09M,-0.25%
Symbiosis,SIS,0.152,$ 10.03M,+4.72%
Sweat Economy,SWEAT,0.00946,$ 10.02M,+8.25%
Bad Idea AI,BAD,0.0‚Çá173,$ 9.93M,-2.31%
doland tremp,TREMP,0.0982,$ 9.81M,+16.27%
XANA,XETA,0.00401,$ 9.72M,+3.75%
Unifi Protocol DAO,UNFI,0.966,$ 9.66M,+0.02%
Ambire Wallet,WALLET,0.0152,$ 9.57M,-0.38%
Sylo,SYLO,0.00162,$ 9.36M,+1.96%
MongCoin,MONG,0.0‚Çá157,$ 9.14M,+21.32%
Realio Network,RIO,1.38,$ 9.04M,+7.76%
LBR,LBR,0.132,$ 8.92M,+0.93%
Klaus,KLAUS,0.00884,$ 8.84M,+3.41%
Unibot,UNIBOT,8.79,$ 8.79M,-2.58%
AREON,AREA,0.0734,$ 8.77M,+6.33%
Tottenhan Hotspur,SPURS,1.60,$ 8.72M,-0.41%
Gamestarter,GAME,0.0713,$ 8.68M,-0.07%
Crypto Asset Governance Alliance,CAGA,0.000141,$ 8.65M,+5.89%
Troy,TROY,0.00455,$ 8.65M,+3.36%
LightLink,LL,0.0576,$ 8.6M,+1.37%
Upland,SPARKLET,0.0369,$ 8.51M,+1.89%
BEPRO Network,BEPRO,0.000845,$ 8.45M,-2.14%
Red Pulse Phoenix Binance,PHB,2.49,$ 8.41M,+0.35%
BabyBonk,BABYBONK,0.0‚ÇÅ‚ÇÄ199,$ 8.4M,+21.42%
PolkaBridge,PBR,0.11,$ 8.27M,+18.61%
Gearbox,GEAR,0.0109,$ 8.24M,+13.15%
Eigenpie,EGP,4.08,$ 8.15M,+1.74%
NOTAI,NOTAI,0.0000859,$ 8.16M,-1.63%
ZKFair,ZKF,0.000813,$ 8.13M,-5.72%
Slothana,SLOTH,0.00478,$ 8.1M,+3.81%
Stratis,STRAX,0.08,$ 8.01M,+3.05%
beoble,BBL,0.0081,$ 7.92M,-4.87%
PIP,PIP,0.0324,$ 7.89M,+5.00%
Nutcoin,NUT,0.0‚ÇÜ391,$ 7.77M,-6.34%
REVV,REVV,0.00569,$ 7.69M,+1.72%
Name,Symbol,Price,Market cap,24h change
Ctrl,CTRL,0.0771,$ 7.55M,+0.85%
Crust Network,CRU,0.729,$ 7.47M,+3.59%
BEER,$BEER,0.0000132,$ 7.28M,+1.23%
Velas,VLX,0.0163,$ 7.09M,-3.88%
GensoKishi Metaverse,MV,0.0176,$ 7.05M,+5.37%
Cortex,CTXC,0.702,$ 7.05M,+4.58%
LogX Network,LOGX,0.053,$ 6.89M,+10.29%
VITE,VITE,0.0166,$ 6.88M,+1.83%
ScriptToken,SCPT,0.0115,$ 6.87M,+0.18%
SUPER TRUMP,STRUMP,0.00259,$ 6.72M,+41.76%
5IRE TOKEN,5IRE,0.0138,$ 6.64M,+13.82%
Suiswap,SSWP,0.000725,$ 6.41M,+11.50%
Everdome,DOME,0.000535,$ 6.3M,-8.93%
Neiro,NEIRO,0.00607,$ 6.07M,+14.32%
Juggernaut DeFi,JGN,0.0311,$ 6.07M,+1.12%
SelfKey,KEY,0.00236,$ 5.9M,+14.24%
Hydro Protocol,HOT,0.00381,$ 5.89M,+2.80%
SUNCAT,SUNCAT,0.0058,$ 5.8M,+2.23%
Veloce,VEXT,0.0231,$ 5.41M,+0.99%
DeBoxToken,BOX,0.0312,$ 5.1M,+0.85%
Okratech Token,ORT,0.00575,$ 5.01M,+8.04%
Polkacity,POLC,0.0116,$ 4.98M,+3.94%
Mars,MARS,0.0000114,$ 4.79M,-1.64%
Pesto the Baby King Penguin,PESTO,0.00476,$ 4.76M,+6.85%
Engines of Fury Token,FURY,0.146,$ 4.71M,+0.38%
Pochita,POCHITA,0.0047,$ 4.7M,+22.61%
BinaryX,BNX,0.717,$ 4.62M,+1.05%
SunWukong,SUNWUKONG,0.00458,$ 4.58M,+6.79%
Fight to MAGA,FIGHT,0.00451,$ 4.51M,+12.38%
StarryNift,SNIFT,0.0251,$ 4.39M,+28.71%
ANALOS,ANALOS,0.0000425,$ 4.19M,+0.92%
WATCoin,WAT,0.000325,$ 4.19M,+2.22%
ZKBase,ZKB,0.0184,$ 4.12M,-0.59%
Wisdomise Ai,WSDM,0.0145,$ 4.02M,+4.23%
V SYSTEMS,VSYS,0.000745,$ 3.95M,+7.35%
Argentine Football Association Fan Token,ARG,0.895,$ 3.94M,+1.43%
SHRAPToken,SHRAP,0.0464,$ 3.92M,+9.45%
BlockGames,BLOCK,0.028,$ 3.81M,+4.16%
Meson.Network,MSN,0.146,$ 3.83M,+12.32%
Force Protocol,FOR,0.00251,$ 3.53M,-0.26%
Choise.com,CHO,0.0312,$ 3.42M,+9.96%
Hana,HANA,0.000331,$ 3.31M,+0.98%
Levana,LVN,0.0325,$ 3.27M,-2.34%
HTX,HTX,0.0‚ÇÖ304,$ 3.24M,+4.30%
Best Fintech Investment Coin,BFIC,1.70,$ 3.22M,-1.97%
CATAMOTO,CATA,0.000166,$ 3.22M,+2.29%
EXVERSE,EXVG,0.0368,$ 3.17M,+9.42%
Blockchain Brawlers,BRWL,0.00307,$ 3.07M,+9.94%
Crypto One Stop Solution,COS,0.0153,$ 3.01M,+0.79%
DeChat,DECHAT,0.144,$ 2.98M,-6.01%
Name,Symbol,Price,Market cap,24h change
DOSE,DOSE,0.000908,$ 2.94M,+21.60%
Serenity Shield,SERSH,0.11,$ 2.92M,+2.15%
MetaCene,MAK,0.0285,$ 2.92M,-2.71%
Wat,WAT,0.0‚ÇÖ711,$ 2.83M,+7.77%
Amulet,AMU,0.00624,$ 2.82M,+11.59%
Cros Token,CROS,0.035,$ 2.81M,+7.77%
Walken,WLKN,0.00256,$ 2.8M,+4.34%
littlemanyu,MANYU,0.0028,$ 2.8M,-3.36%
OpenLeverage,OLE,0.0146,$ 2.76M,+1.52%
jeo boden,BODEN,0.00397,$ 2.74M,+4.74%
Dotmoovs,MOOV,0.0027,$ 2.7M,+0.11%
Wall Street Memes,WSM,0.0014,$ 2.71M,+8.82%
slop,$SLOP,0.0027,$ 2.7M,+44.76%
Single Collateral Dai,SAI,0.999,$ 2.69M,-0.00%
CatDog,CATDOG,0.0000266,$ 2.66M,+9.09%
Galactic Quadrant,GQ,0.000407,$ 2.66M,-0.61%
DigitalBits,XDB,0.000863,$ 2.64M,-3.11%
IGUVERSE,IGU,0.00891,$ 2.59M,+3.76%
Star Atlas,ATLAS,0.00641,$ 2.55M,+26.95%
Rainmaker Games,RAIN,0.00122,$ 2.44M,-6.84%
Doggo,DOGGO,0.0‚ÇÖ567,$ 2.38M,+18.47%
ABDS Token,ABDS,0.48,$ 2.32M,-0.02%
WiFi Map,WIFI,0.0356,$ 2.22M,+2.06%
OpenANX,OAX,0.0862,$ 2.21M,+12.83%
Simple Ledger Protocol,SLP,0.00542,$ 2.19M,+2.18%
BEFE,BEFE,0.0000225,$ 2.14M,-5.46%
Serum,SRM,0.0423,$ 2.11M,-2.67%
Crowns,CWS,0.383,$ 2.02M,+10.02%
Monsta Infinite,MONI,0.0111,$ 1.92M,-14.52%
OpenDAO,SOS,0.0‚Çá191,$ 1.91M,+17.90%
BizAuto,BIZA,0.00125,$ 1.83M,-2.01%
WinToken,WIN,0.000155,$ 1.55M,+4.65%
Well,WELL,0.000374,$ 1.54M,+21.34%
Router Protocol,ROUTE,0.0554,$ 1.52M,-5.73%
Phavercoin,SOCIAL,0.00143,$ 1.51M,-2.09%
Cate,CATE,0.00151,$ 1.51M,+1.69%
Polis,POLIS,0.342,$ 1.46M,+27.60%
Paysenger,EGO,0.0255,$ 1.45M,+2.41%
MoneyBox,MBOX,0.318,$ 1.35M,+5.40%
RepubliK,RPK,0.00536,$ 1.12M,+2.38%
Synereo,AMP,0.0108,$ 1.09M,-3.10%
REGENT COIN,REGENT,0.149,"$ 431,623",-0.60%
Cook Protocol,COOK,0.000156,"$ 308,193",-14.94%
ApeSwap,BANANA,59.62,$ 24.95B,+3.33%
LEO,LEO,9.43,$ 8.72B,+0.92%
Draken,DRK,9.10,$ 5.07B,+0.00%
Rocket Pool ETH,RETH,"4,486.78",$ 2.08B,+3.96%
Ocean Protocol,OCEAN,0.905,$ 1.61B,+3.57%
Renzo Restaked ETH,ezETH,"4,119.97",$ 1.5B,+3.92%
Fellaz,FLZ,2.41,$ 1.14B,+1.37%
Name,Symbol,Price,Market cap,24h change
Bitcoin Avalanche Bridged,BTC.b,"99,714.80",$ 536.37M,+1.60%
Convex CRV,CVXCRV,1.24,$ 517.68M,+91.31%
ETHx,ETHx,"4,159.57",$ 506.59M,+3.29%
Klaytn,KLAY,0.202,$ 494.75M,+0.80%
Verus Coin,VRSC,6.20,$ 483.52M,-3.20%
CorgiAI,CORGIAI,0.00135,$ 459.26M,+9.42%
0x0.ai: AI Smart Contract,0X0,0.444,$ 444.36M,+13.60%
Galxe,GAL,2.68,$ 350.05M,+7.34%
Rollbit Coin,RLB,0.134,$ 312.98M,-3.72%
TerraUSD,UST,0.0302,$ 296.39M,+8.22%
Bitpanda Ecosystem Token,BEST,0.809,$ 272.14M,-4.38%
LGCY Network,LGCY,0.0027,$ 263M,+0.00%
WAX Economic Token,WAXE,62.92,$ 232.79M,-2.54%
ViciCoin,VCNT,22.89,$ 228.14M,+0.25%
Banano,BAN,0.14,$ 223.18M,+5.07%
Compound Ether,CETH,74.66,$ 222.69M,+0.76%
Osaka Protocol,OSAK,0.0‚ÇÜ287,$ 215.55M,+2.03%
SwissBorg,CHSB,0.363,$ 209.19M,+3.59%
Terra Virtua Kolect,TVK,0.166,$ 199.71M,+0.83%
Contentos,COS,0.0152,$ 193.97M,+2.60%
Keep Network,KEEP,0.199,$ 188.53M,+9.09%
DOGI DRC,DOGI,8.50,$ 178.53M,+5.75%
JustStable,USDJ,1.12,$ 172.33M,+0.79%
NuCypher,NU,0.127,$ 172.27M,+6.37%
Gho Token,GHO,0.998,$ 165.16M,+0.01%
CUDOS,CUDOS,0.0194,$ 142.93M,+29.22%
Temtum,TEM,0.109,$ 164.05M,+1.52%
HashAI,HASHAI,0.00182,$ 162.9M,+4.07%
Efinity Token,EFI,0.0806,$ 161.23M,-8.86%
Gains V2,GFARM2,"4,336.98",$ 155.41M,+2.99%
Zano,ZANO,10.05,$ 146.16M,+13.67%
CROWN Token,CROWN,0.631,$ 138.7M,+3.12%
RETARDIO,RETARDIO,0.132,$ 128.98M,+12.43%
Human,HMT,0.118,$ 123.68M,+4.15%
IAGON,IAG,0.325,$ 122.03M,+5.78%
BTSE Token,BTSE,0.701,$ 113.54M,+4.07%
Celo Gold,CGLD,1.08,$ 105.75M,+7.86%
THORSwap,THOR,0.201,$ 100.57M,+13.80%
Axelar Wrapped USDC,AXLUSDC,12.53,$ 98.12M,+73.34%
HOME Coin,HOME,0.969,$ 96.92M,-2.14%
Paxos Standard,PAX,1.00,$ 96.81M,+0.55%
Bit2Me Token,B2M,0.0185,$ 92.7M,+0.03%
XPLA,XPLA,0.117,$ 88.15M,+3.93%
Somnium Space CUBEs,CUBE,0.893,$ 87.51M,+7.59%
Golem,GNT,0.483,$ 86.43M,+5.54%
RYOSHI TOKEN (V2),RYOSHI,0.0‚ÇÜ257,$ 85.71M,+979.42%
VVS Finance,VVS,0.0‚ÇÖ527,$ 84.75M,+1.05%
Dione Protocol,DIONE,0.0082,$ 83.19M,+2.26%
Uquid Coin,UQC,8.09,$ 80.89M,+5.95%
Probinex,PBX,0.0814,$ 81.35M,+0.66%
Name,Symbol,Price,Market cap,24h change
Minswap,MIN,0.0584,$ 76.65M,+8.78%
SquidGrow,SQGROW,0.076,$ 76.04M,+3.26%
Morpher,MPH,0.0242,$ 73.19M,+4.00%
Euler,EUL,3.95,$ 71.51M,+1.63%
ZeonCoin,ZEON,0.00143,$ 71.09M,+10.79%
Archloot,AL,0.148,$ 70.9M,+0.68%
TokenPocket,TPT,0.00756,$ 70.82M,+0.23%
TOKPIE,TKP,0.875,$ 69.37M,+3.87%
Measurable Data Token,MDT,0.0667,$ 66.32M,+3.94%
VoltInu,VOLT,0.0‚ÇÜ474,$ 65.65M,+5.28%
Ozone Chain,OZO,0.216,$ 65.5M,+5.32%
TRVL,TRVL,0.0636,$ 65.16M,+3.06%
Bitget Wallet Token,BWB,0.453,$ 64.73M,+31.20%
ByteCoin,BCN,0.000347,$ 63.89M,+11.16%
Whiteheart,WHITE,"6,848.19",$ 60.87M,+4.25%
Solend,SLND,1.20,$ 60.57M,-15.88%
Anchored Coins EUR,AEUR,1.06,$ 59.7M,-0.22%
BitMart Token,BMX,0.299,$ 59.07M,-0.02%
Pirate Chain,ARRR,0.287,$ 56.27M,-3.53%
ankrETH,ANKRETH,"4,714.94",$ 56.2M,+5.01%
Cere Network,CERE,0.0056,$ 56.02M,+0.08%
Carry Protocol,CRE,0.00568,$ 55.83M,-2.58%
TOWER,TOWER,0.00277,$ 55.66M,-1.16%
KIMCHI.finance,KIMCHI,0.0061,$ 55.42M,+6.35%
NyanCoin,NYAN,0.162,$ 55.14M,+11.95%
LUKSO Token,LYXE,3.48,$ 54.19M,+3.36%
SPECTRE AI,SPECTRE,5.44,$ 54.08M,+27.89%
Witch Token,WITCH,0.385,$ 53.75M,+141.69%
LinqAI,LNQ,0.20,$ 53.15M,-1.81%
Magic Internet Money,MIM,0.961,$ 52.82M,-0.95%
FinBet,CFB,0.0251,$ 52.71M,-0.00%
Bitrue Coin,BTR,0.065,$ 52.05M,+7.34%
Augur,REP,4.73,$ 52.03M,+59.99%
Kasta,KASTA,0.0347,$ 52M,-3.98%
Games For A Living,GFAL,0.0111,$ 51.76M,+5.84%
Everscale,EVER,0.0257,$ 51.09M,+0.68%
Palette,PLT,0.0504,$ 50.42M,+6.52%
Frontier Token,FRONT,0.492,$ 49.63M,-3.41%
cheqd,CHEQ,0.0653,$ 49.23M,+9.75%
ORIGYN Foundation,OGY,0.006,$ 46.94M,+4.11%
NuNet,NTX,0.0681,$ 46.7M,+2.99%
ELYSIA,EL,0.00663,$ 45.1M,+4.84%
Polymath Network,POLY,0.0437,$ 43.72M,-5.68%
Step Finance,STEP,0.12,$ 43.08M,-0.75%
Botto,BOTTO,0.786,$ 42.69M,-1.81%
Kin,KIN,0.0000156,$ 41.75M,-3.42%
FirmaChain,FCT,0.0689,$ 41.33M,+27.41%
BitcoinPro,BTCP,79.88,$ 39.94M,+0.00%
Groestlcoin,GRS,0.554,$ 39.51M,+1.09%
MtPelerin Shares,MPS,3.89,$ 38.91M,+4.97%
Name,Symbol,Price,Market cap,24h change
ParaSwap,PSP,0.0291,$ 38.74M,+12.41%
LikeCoin,LIKE,0.0565,$ 37.37M,-2.77%
Avalaunch,XAVA,0.986,$ 37.13M,+1.79%
EURITE,EURI,1.06,$ 36.9M,-0.24%
ThunderCore,TT,0.00476,$ 36.67M,+1.67%
MetaMUI,MMUI,0.0756,$ 36.64M,+6.78%
ZKSpace,ZKS,0.0465,$ 35.83M,+1.62%
Dacxi,DACXI,0.00398,$ 35.79M,+7.91%
Blockasset,BLOCK,0.141,$ 35.36M,+5.76%
Swarm Markets,SMT,0.428,$ 35.35M,+3.87%
ASD,ASD,0.0474,$ 35.25M,+9.71%
Dolan Duck,DOLAN,0.357,$ 35.1M,+23.79%
crow with knife,CAW,0.0‚Çá453,$ 34.84M,+3.44%
Olympus,OHM,121.11,$ 33.75M,+7.61%
Hoge Finance,HOGE,0.0000331,$ 33.55M,+1.86%
Travala.com,AVA,0.635,$ 33.31M,+32.06%
Helium IOT,IOT,0.00106,$ 32.3M,+2.81%
xSUSHI,XSUSHI,2.71,$ 32.23M,+22.43%
Spectre.ai Utility Token,SXUT,1.31,$ 32.19M,"+113,614.63%"
Adshares,ADS,0.825,$ 31.98M,+0.42%
RAMP,RAMP,0.0967,$ 31.76M,-0.06%
Vectorspace AI,VXV,0.631,$ 31.57M,+16.63%
Hacken Token,HAI,0.0651,$ 31.03M,+4.47%
Tokemak,TOKE,0.601,$ 30.47M,+3.92%
Mainframe,MFT,0.0077,$ 30.33M,+11.38%
Celo Dollar,CUSD,0.997,$ 30.23M,-0.13%
TomoChain,TOMO,0.542,$ 29.83M,+1.90%
Bitcoin Vault,BTCV,1.50,$ 28.96M,+1.31%
renBTC,RENBTC,"94,841.58",$ 28.88M,+3.28%
Paycoin,PCI,0.113,$ 28.53M,+0.64%
WOM Protocol,WOM,0.0278,$ 27.76M,+3.43%
Feisty Doge NFT,NFD,0.000277,$ 27.69M,+2.64%
Sentinel,DVPN,0.00134,$ 27.66M,+2.58%
Hive Dollar,HBD,1.02,$ 27.32M,-1.04%
BFG Token,BFG,0.024,$ 26.95M,+1.99%
CPCOIN,CPC,0.108,$ 27.08M,-2.25%
Blendr Network,BLENDR,0.663,$ 26.9M,+2.87%
ETH 2x Flexible Leverage Index,ETH2XFLI,27.90,$ 26.71M,+5.87%
AquaGoat.Finance,AQUAGOAT,0.0‚Çâ264,$ 26.68M,-33.80%
Compound Dai,CDAI,0.0239,$ 26.08M,+0.78%
Pig Finance,PIG,0.0‚Çá255,$ 25.5M,+6.47%
ChangeNOW,NOW,0.15,$ 25.37M,+2.91%
ckBTC,ckBTC,"99,863.96",$ 25.27M,+5.28%
Stargaze,STARS,0.00968,$ 25.21M,+8.29%
MeconCash,MCH,0.0252,$ 25.2M,+7.37%
DecideAI,DCD,0.0512,$ 25.02M,-3.35%
PLANET,PLA,0.005,$ 25M,+0.00%
VIOLET,VAI,0.14,$ 24.98M,+17.20%
THORChain (ERC20),RUNE,7.22,$ 24.96M,+4.75%
Brazilian Digital Token,BRZ,0.163,$ 24.46M,-1.68%
Name,Symbol,Price,Market cap,24h change
Dragonchain,DRGN,0.0558,$ 24.19M,+13.93%
MonaCoin,MONA,0.379,$ 24.17M,+4.83%
GALEON,GALEON,0.0334,$ 23.96M,+1.88%
Aura Finance,AURA,0.429,$ 23.96M,-7.64%
FOAM,FOAM,0.0237,$ 23.72M,+3.64%
Hegic,HEGIC,0.022,$ 23.71M,+2.65%
ArchLoot,ALT,0.148,$ 23.5M,+0.41%
Vertcoin,VTC,0.501,$ 23.49M,+160.60%
Aurory,AURY,0.352,$ 23.26M,+1.91%
NPC Solana,NPCS,0.0237,$ 23.01M,+6.96%
Anyswap,ANY,1.74,$ 22.94M,-0.20%
ANGLE,ANGLE,0.0286,$ 22.56M,-3.72%
r/CryptoCurrency Moons,MOON,0.212,$ 22.61M,+16.35%
BreederDAO,BREED,0.0342,$ 22.41M,-25.57%
Fenerbah√ße Token,FB,0.678,$ 22.04M,+0.00%
KYVE Network,KYVE,0.029,$ 21.99M,+5.09%
JUNO,JUNO,0.276,$ 21.92M,+4.75%
NFTX,NFTX,33.58,$ 21.83M,+20.05%
Popsicle Finance,ICE,0.327,$ 21.82M,"+4,398.95%"
0chain,ZCN,0.0594,$ 21.38M,-4.40%
Stratos,STOS,0.753,$ 21.29M,-1.23%
agEUR,AGEUR,1.06,$ 21.2M,+0.09%
Spookyswap,BOO,2.16,$ 21.15M,+9.58%
Brainlet,BRAINLET,0.0221,$ 21M,+15.01%
Circuits of Value,COVAL,0.0118,$ 20.97M,+3.71%
Quiztok,QTCON,0.00175,$ 20.95M,+8.92%
Safemoon V2,SFM,0.0000376,$ 20.93M,-37.40%
Izumi Finance,IZI,0.00994,$ 20.86M,+5.09%
Colony,CLY,0.189,$ 20.82M,-2.09%
Nuco.cloud,NCDT,0.479,$ 20.58M,+0.92%
Namecoin,NMC,1.38,$ 20.3M,+20.13%
DeRace,DERC,0.155,$ 20.34M,+6.34%
TrustSwap,SWAP,0.171,$ 20.16M,+3.02%
Edelcoin,EDLC,0.93,$ 20.03M,+62.77%
GAMEE,GMEE,0.0148,$ 20.01M,-1.28%
Bitcoin Diamond,BCD,0.129,$ 19.77M,+2.26%
CounterParty,XCP,7.56,$ 19.66M,-12.89%
KardiaChain,KAI,0.00369,$ 19.6M,+3.11%
Octopus Network,OCT,0.193,$ 19.33M,-1.52%
Diamond Launch,DLC,0.199,$ 19.13M,+1.00%
CoinEx Token,CET,0.095,$ 19.1M,-1.88%
Experience Points,XP,0.0000963,$ 19M,-13.71%
Pitbull,PIT,0.0‚Çâ471,$ 18.94M,+6.89%
APWine,APW,0.853,$ 18.82M,+53.95%
Coupon Assets Token,CA,1.02,$ 18.79M,+1.66%
Diamond,DMD,4.89,$ 18.72M,+2.20%
Ellipsis,EPS,0.0258,$ 18.66M,+5.78%
CasinoCoin,CSC,0.000285,$ 18.54M,+6.22%
Tron Bull,TBULL,0.0185,$ 18.52M,+1.42%
Decubate,DCB,0.0491,$ 18.51M,+3.46%
Name,Symbol,Price,Market cap,24h change
Sipher Token,SIPHER,0.149,$ 18.49M,+0.71%
AVINOC,AVINOC,0.0486,$ 18.29M,+8.44%
MIXMARVEL,MIX,0.00182,$ 18.18M,-0.03%
QASH,QASH,0.0181,$ 18.08M,+0.00%
Time,TIME,25.40,$ 18.04M,+4.31%
Kleros,PNK,0.0228,$ 17.69M,+5.77%
XDEFI Wallet,XDEFI,0.0761,$ 17.64M,-0.34%
USDV,USDV,1.00,$ 17.58M,-0.01%
Cult DAO,CULT,0.0‚ÇÖ299,$ 17.4M,+1.44%
Kwenta,KWENTA,40.30,$ 17.4M,+2.34%
WaykiChain Governance Coin,WGRT,0.00082,$ 17.22M,+6.36%
OpenChat,CHAT,0.569,$ 17.05M,+2.77%
Rally,RLY,0.00284,$ 16.73M,+6.07%
Yobit Token,YO,982.13,$ 16.7M,+24.49%
CargoX,CXO,0.128,$ 16.51M,-11.46%
RocketX Exchange V2,RVF,0.171,$ 16.45M,+4.53%
Matrix AI Network,MAN,0.0356,$ 16.15M,+6.57%
Silo Governance Token,SILO,0.0465,$ 16.05M,+3.66%
Nimiq,NIM,0.00265,$ 15.91M,-2.51%
PAWSWAP,PAW,0.0‚Çá161,$ 15.81M,-0.25%
Solanium,SLIM,0.157,$ 15.71M,+3.32%
NikolAI,NIKO,0.0154,$ 15.37M,-2.91%
Wild Crypto,WILD,0.629,$ 15.33M,+1.24%
Machine Xchange Coin,MXC,0.00629,$ 15.32M,-1.96%
DeFi Kingdoms,JEWEL,0.187,$ 15.26M,+9.87%
Perlin,PERL,0.0145,$ 15.01M,+5.89%
Saito,SAITO,0.00586,$ 14.69M,+0.11%
Thetan Arena,THG,0.0282,$ 14.66M,+7.85%
NFT Worlds,WRLD,0.0205,$ 14.62M,+30.42%
MagicCraft,MCRT,0.00146,$ 14.62M,-0.02%
Dvision Network,DVI,0.0205,$ 14.6M,-1.11%
ALTAVA,TAVA,0.0284,$ 14.46M,+3.58%
Guaranteed Entrance Token,GET,1.39,$ 14.39M,-3.84%
UniCrypt,UNCX,300.43,$ 14.32M,+2.81%
Apollo Currency,APL,0.000975,$ 14.31M,+1.07%
BSCPAD,BSCPAD,0.081,$ 14.22M,+10.08%
TADA,TADA,0.0392,$ 14.02M,-3.12%
Splintershards,SPS,0.0104,$ 13.82M,+4.43%
EPIK Prime,EPIK,0.0112,$ 13.75M,+11.56%
PutinCoin,PUT,0.00057,$ 13.52M,+14.38%
MileVerse,MVC,0.00477,$ 13.41M,+9.25%
Neopin,NPT,0.254,$ 13.37M,+1.33%
hi Dollar,HI,0.000257,$ 13.25M,-4.57%
Kimbo,KIMBO,0.000193,$ 13.37M,+1.50%
Poolz Finance,POOLX,2.52,$ 12.84M,+12.03%
BiLira,TRYB,0.0284,$ 12.92M,-1.06%
Seedify NFT Space,SNFTS,0.00281,$ 12.9M,+7.17%
Sabai Protocol,SABAI,0.0254,$ 12.79M,+0.87%
MCDex,MCB,2.65,$ 12.74M,+1.94%
Mettalex,MTLX,3.12,$ 12.67M,+5.96%
Name,Symbol,Price,Market cap,24h change
RabbitX,RBX,0.021,$ 12.55M,-8.07%
Ecoreal Estate,ECOREAL,0.0889,$ 12.43M,-25.29%
wownero,WOW,0.14,$ 12.4M,+6.09%
BovineVerse Token,BVT,0.0124,$ 12.36M,-19.90%
SuperWalk,GRND,0.0869,$ 12.21M,+0.64%
CateCoin,CATE,0.0‚ÇÜ352,$ 12.09M,+16.44%
Fractal,FRA,0.00104,$ 12.02M,+16.33%
DEXTF Token,DEXTF,0.174,$ 11.98M,-1.36%
Image Generation AI | imgnAI.com,IMGNAI,0.0155,$ 12.02M,+37.61%
Australian Safe Shepherd,ASS,0.0‚Çà119,$ 11.93M,+17.07%
UndeadServiceToken,UDS,0.253,$ 11.57M,-0.66%
Normie,NORMIE,0.0116,$ 11.56M,+0.35%
Multichain,MULTI,0.589,$ 11.4M,+4.02%
Shiden Network,SDN,0.217,$ 11.37M,+3.32%
Wrapped LUNA Token,WLUNA,0.0000446,$ 11.24M,-56.55%
Dejitaru Tsuka,TSUKA,0.0111,$ 11.11M,-4.13%
Wrapped NCG,WNCG,0.0526,$ 11.11M,+3.25%
OccamFi,OCC,0.132,$ 11.08M,+12.03%
Bitshares,BTS,0.00407,$ 11.03M,-2.73%
Galatasaray Fan Token,GAL,1.70,$ 11.02M,-0.02%
SpaceChain,SPC,0.027,$ 10.99M,+1.84%
Phantasma,SOUL,0.18,$ 10.98M,+1.72%
ICHI,ICHI,1.20,$ 10.94M,+1.03%
ichi.farm,ICHI,1.20,$ 10.91M,+0.65%
PeerCoin,PPC,0.417,$ 10.87M,-0.03%
Chirpley,CHRP,0.0155,$ 10.72M,+5.12%
LATOKEN,LA,0.0268,$ 10.72M,+1.59%
Chain Games,CHAIN,0.0232,$ 10.69M,+2.61%
MetaMAFIA,MAF,0.0389,$ 10.54M,-25.78%
TEMCO,TEMCO,0.00175,$ 10.5M,+3.47%
Scallop,SCLP,0.137,$ 10.48M,-9.24%
MAPS,MAPS,0.0225,$ 10.44M,+7.89%
ProBit Token,PROB,0.0549,$ 10.44M,-0.08%
Media Licensing Token,MLT,0.0517,$ 10.34M,+21.15%
Kommunitas,KOM,0.00164,$ 10.29M,+4.44%
Herum,RAM,0.0103,$ 10.26M,+5.04%
Thorstarter,XRUNE,0.0122,$ 10.21M,+1.14%
Bytom,BTM,0.00563,$ 10.13M,+2.88%
ThreeFold Token,TFT,0.0129,$ 10.09M,-6.90%
WhiteCoin,XWC,0.0402,$ 10.04M,-1.52%
SAD HAMSTER,HAMMY,0.0107,$ 10.04M,+10.45%
Jobscoin,JOB,0.0001,$ 10M,+12.92%
DeFi Yield Protocol,DYP,0.329,$ 9.86M,+1.21%
zkSwap Finance,ZF,0.0206,$ 9.86M,+5.55%
Gamium,GMM,0.000199,$ 9.77M,+1.75%
PULSEPAD.io,PLSPAD,0.00134,$ 9.68M,+9.44%
MAGNETGOLD,MTG,0.0354,$ 9.66M,+2.03%
Project WITH,WIKEN,0.00802,$ 9.63M,+10.95%
Oxygen,OXY,0.048,$ 9.61M,-3.22%
Unibright,UBT,0.0679,$ 9.46M,+14.06%
Name,Symbol,Price,Market cap,24h change
Big Data Protocol,BDP,0.181,$ 9.43M,+1.23%
Azuro,AZUR,0.0569,$ 9.16M,+1.07%
Paribus,PBX,0.00124,$ 9.09M,+11.99%
BOSAGORA,BOA,0.017,$ 9.03M,+1.72%
Solama,SOLAMA,0.0133,$ 9.03M,-11.77%
Super Zero,SERO,0.0246,$ 8.96M,-4.21%
ROA CORE,ROA,0.0199,$ 8.95M,+4.98%
CoinPoker,CHP,0.0283,$ 8.94M,-34.45%
Smart Valor,VALOR,0.117,$ 8.76M,-2.36%
Netvrk,NTVRK,0.138,$ 8.75M,-0.11%
Inter Milan Fan Token,INTER,1.34,$ 8.7M,+0.92%
EverValue Coin,EVA,0.604,$ 8.67M,+1.62%
Qredo,QRDO,0.0123,$ 8.67M,-5.60%
WHALE,WHALE,0.864,$ 8.64M,+2.20%
Raven Protocol,RAVEN,0.000432,$ 8.63M,-0.82%
Waltonchain,WTC,0.124,$ 8.63M,+1.07%
SeilorToken,SEILOR,0.0235,$ 8.62M,+6.30%
Windoge98,EXE,0.988,$ 8.59M,+1.13%
MEVerse,MEV,0.00421,$ 8.42M,-10.75%
Manifold Finance,FOLD,4.48,$ 8.2M,+9.41%
decentral.games,DG,0.00869,$ 8.25M,-45.66%
Optimus,OPTIMUS,0.0867,$ 8.24M,+0.09%
SOLVE,SOLVE,0.00818,$ 8.18M,-4.71%
Maxonrow,MXW,0.000875,$ 8.14M,-7.87%
Mysterium,MYST,0.241,$ 8.02M,+1.03%
Liquidus,LIQ,0.115,$ 7.97M,+4.03%
Shiryo-Inu,SHIRYOINU,0.0‚ÇÅ‚ÇÅ804,$ 7.92M,+10.59%
Metaverse Index,MVI,53.51,$ 7.91M,+2.40%
Gaimin Token,GMRX,0.00118,$ 7.84M,-5.57%
DECIMATED,DIO,0.017,$ 7.74M,-9.45%
Orbit Chain,ORC,0.012,$ 7.72M,+2.36%
RAI Finance,SOFI,0.0132,$ 7.59M,+3.87%
Magic Square,SQR,0.0593,$ 7.56M,+3.97%
Umee,UMEE,0.0017,$ 7.55M,+1.29%
Azit,AZIT,0.0281,$ 7.47M,+4.00%
Lossless,LSS,0.107,$ 7.42M,+16.90%
Rotharium,RTH,2.19,$ 7.37M,+3.89%
CoinLoan,CLT,0.329,$ 7.24M,+0.00%
Hydra,HYDRA,0.363,$ 7.23M,-17.15%
Umbrella Network,UMB,0.0168,$ 7.21M,+0.90%
AI Network,AIN,0.0102,$ 7.16M,+19.19%
DexCheck,DCK,0.0419,$ 7.14M,-0.06%
Pomerium,PMG,0.0941,$ 7.1M,+4.06%
Swash Token,SWASH,0.00714,$ 7.1M,+8.26%
Fei Protocol,FEI,0.979,$ 7.06M,+0.69%
RocketX exchange,RVF,0.107,$ 7.03M,+4.36%
Dero,DERO,1.24,$ 6.98M,-0.60%
Unisocks Edition 0,SOCKS,"23,272.00",$ 6.96M,+0.75%
NEXA Token,NEXA,0.0‚ÇÖ308,$ 6.93M,+3.01%
kira.network,KEX,0.0301,$ 6.78M,+10.37%
Name,Symbol,Price,Market cap,24h change
B-cube.ai,BCUBE,0.167,$ 6.74M,+16.18%
Cryowar,CWAR,0.00667,$ 6.67M,+9.39%
ASH,ASH,1.89,$ 6.65M,+16.56%
Unit Payment International,UPI,0.00044,$ 6.6M,+7.24%
Energi,NRG,0.0774,$ 6.44M,+0.13%
NewsCrypto,NWC,0.128,$ 6.39M,-1.05%
Pibble,PIB,0.0007,$ 6.38M,+24.80%
Digix Gold Token,DGX,90.13,$ 6.27M,+0.74%
VLaunch,VPAD,0.0136,$ 6.15M,-1.43%
Pickle Finance,PICKLE,1.77,$ 6.07M,+2.82%
DeFi Land,DFL,0.000846,$ 6.04M,-3.45%
ZAMZAM Token,ZAMZAM,0.0‚ÇÜ6,$ 6M,+0.00%
Covalent,CQT,0.00699,$ 5.99M,+1.57%
Guardian,GUARD,0.119,$ 5.94M,+2.85%
Dopex,DPX,20.91,$ 5.94M,+10.01%
UpOnly,UPO,0.0518,$ 5.91M,-7.83%
Adappter Token,ADP,0.00192,$ 5.91M,+0.60%
Sakhalin Husky,SAHU,0.0‚ÇÅ‚ÇÅ585,$ 5.85M,-51.39%
Napoli Fan Token,NAP,1.42,$ 5.84M,+0.35%
SunContract,SNC,0.0485,$ 5.81M,+0.59%
DeepBrain Chain,DBC,0.00387,$ 5.81M,+3.00%
Deri Protocol,DERI,0.0104,$ 5.75M,+4.21%
Max Crowdfund,MCF,0.00567,$ 5.67M,-0.42%
HUND,HUND,0.0146,$ 5.65M,+3.62%
Oduwa Coin,OWC,0.367,$ 5.65M,+238.56%
STAT,STAT,0.0971,$ 5.62M,+0.62%
NerveNetwork,ENVT,0.56,$ 5.6M,+0.39%
Arcana Network,XAR,0.0193,$ 5.57M,-11.50%
PLANET,PLANET,0.0‚ÇÖ55,$ 5.5M,+6.48%
Validity,VAL,1.05,$ 5.49M,+0.27%
Arsenal Fan Token,AFC,0.917,$ 5.48M,+1.33%
DOGAMI,DOGA,0.0075,$ 5.37M,-3.85%
Geojam Token,JAM,0.000733,$ 5.35M,-2.63%
Atomic Wallet Token,AWC,0.0532,$ 5.32M,+8.64%
Itam Games,ITAM,0.0106,$ 5.31M,+5.27%
Mirror Finance,MIR,0.0354,$ 5.26M,+5.99%
BeforeCoinMarketCap,BCMC1,0.00061,$ 5.22M,+0.00%
Quadrant Protocol,EQUAD,0.00572,$ 5.21M,+0.00%
FINADAX,FDT,0.0258,$ 5.17M,+1.02%
WeWay,WWY,0.00132,$ 5.15M,+4.88%
Mandala Exchange Token,MDX,0.0129,$ 5.14M,-1.25%
Good Games Guild,GGG,0.0512,$ 5.12M,+0.20%
Cosplay Token,COT,0.00508,$ 5.08M,+20.05%
Feyorra,FEY,0.0111,$ 5.04M,+8.74%
IDLE,IDLE,0.619,$ 4.99M,+0.01%
Verse,VERSE,0.000226,$ 4.97M,+4.09%
PolkaFoundry,PKF,0.0346,$ 4.93M,+4.54%
Tokenomy,TEN,0.0246,$ 4.92M,+1.32%
Darwinia Network Native Token,RING,0.00287,$ 4.96M,+7.62%
Rupiah Token,IDRT,0.0000629,$ 4.8M,-0.25%
Name,Symbol,Price,Market cap,24h change
Lithium,LITH,0.000574,$ 4.79M,+16.10%
DePay,DEPAY,0.357,$ 4.76M,+0.52%
VisionGame,VISION,0.00476,$ 4.76M,+12.09%
Cashaa,CAS,0.00476,$ 4.76M,+0.46%
LABEL Foundation,LBL,0.00287,$ 4.73M,+3.19%
GALAXIA,GXA,0.00161,$ 4.71M,+8.66%
SpongeBob,SPONGE,0.000116,$ 4.69M,+0.00%
ProximaX,XPX,0.000769,$ 4.69M,+2.81%
Obyte,GBYTE,7.05,$ 4.67M,-0.57%
Sakai Vault,SAKAI,0.951,$ 4.67M,-9.12%
Bubblefong,BBF,0.0304,$ 4.65M,+4.82%
HoDooi.com,HOD,0.00463,$ 4.63M,+2.47%
Befi Labs,BEFI,0.0307,$ 4.52M,-1.03%
LETSTOP,STOP,0.165,$ 4.44M,+10.52%
Lovely Finance,LOVELY,0.00285,$ 4.44M,+17.56%
Aurox,URUS,2.88,$ 4.37M,+6.10%
Lattice Token,LTX,0.152,$ 4.35M,+4.44%
Ally,ALY,0.000434,$ 4.34M,+0.00%
BloodLoop Shard,BLS,0.186,$ 4.33M,-0.45%
Angola,AGLA,0.00858,$ 4.28M,+36.95%
Stobox Token v.2,STBU,0.0426,$ 4.26M,-4.61%
MahaDAO,MAHA,1.02,$ 4.24M,+1.11%
TenUp,TUP,0.0222,$ 4.23M,-3.69%
Oxen,OXEN,0.0602,$ 4.22M,-2.78%
Kuma Inu,KUMA,0.0‚Çà46,$ 4.21M,+6.40%
RAE Token,RAE,0.904,$ 4.2M,+1.19%
STFX,STFX,0.0241,$ 4.18M,-15.68%
Populous,PPT,0.078,$ 4.16M,-21.18%
Horizon Protocol,HZN,0.0163,$ 4.07M,+2.73%
ERTHA,ERTHA,0.00202,$ 4.04M,+18.04%
PEPE,PEPEBRC,0.0959,$ 4.03M,+6.03%
YooShi,YOOSHI,0.0‚Çá108,$ 4.03M,-1.20%
Onooks,OOKS,0.343,$ 4.02M,-18.19%
Quantum Resistant Ledger,QRL,0.333,$ 4M,+2.39%
DAD Chain,DAD,0.00397,$ 3.97M,+3.28%
Safemars,SAFEMARS,0.0‚Çà978,$ 3.95M,+2.66%
unification.com/xfund,XFUND,394.46,$ 3.93M,+5.63%
E-Gulden,EFL,0.226,$ 3.85M,-2.80%
Revain,REV,0.000063,$ 3.82M,-0.24%
piza,PIZA,0.181,$ 3.81M,+2.12%
BlackCoin,BLK,0.0601,$ 3.8M,-1.34%
Robonomics,XRT,2.22,$ 3.78M,+28.34%
Reflexer Ungovernance Token,FLX,4.53,$ 3.74M,+14.68%
TOP Network,TOP,0.000191,$ 3.72M,-10.01%
WeSendit,WSI,0.00773,$ 3.71M,+3.89%
BabySwap,BABY,0.00457,$ 3.62M,+0.48%
Vai,VAI,0.996,$ 3.57M,+0.21%
Rai Reflex Index,RAI,2.99,$ 3.54M,-1.15%
Taboo,TABOO,0.000366,$ 3.49M,+10.06%
Lunr Token,LUNR,0.023,$ 3.45M,-3.77%
Name,Symbol,Price,Market cap,24h change
SINOVATE,SIN,0.00519,$ 3.45M,-3.92%
Tether CNH,CNHT,0.137,$ 3.43M,-0.20%
TENET,TENET,0.00813,$ 3.42M,+3.45%
Plastik,PLASTIK,0.0034,$ 3.4M,-8.45%
NFTb,NFTB,0.00462,$ 3.36M,+4.25%
Mobius,MOBI,0.00647,$ 3.32M,-0.75%
Stacktical,DSLA,0.000577,$ 3.31M,-5.53%
Xodex,XODEX,0.000424,$ 3.27M,-0.58%
OptionRoom,ROOM,0.0322,$ 3.22M,+9.42%
Shiba Predator,QOM,0.0‚Çà536,$ 3.22M,+2.81%
SafeBTC,SAFEBTC,0.0‚Çà32,$ 3.2M,+9.64%
ARC Governance,ARCX,0.0778,$ 3.18M,-1.45%
Rari Governance Token,RGT,0.253,$ 3.16M,+4.86%
Roobee,ROOBEE,0.000533,$ 3.13M,+6.37%
Civilization,CIV,0.0103,$ 3.09M,+2.79%
BABB,BAX,0.000145,$ 3.05M,-0.63%
DxChain Token,DX,0.0000318,$ 3.02M,+2.40%
Jarvis Reward Token,JRT,0.00535,$ 3.02M,+17.91%
Prizm,PZM,0.000725,$ 3M,+1.90%
Throne,THN,0.00151,$ 2.98M,+1.90%
Safe Haven,SHA,0.000353,$ 2.97M,-5.94%
Reddcoin,RDD,0.0000902,$ 2.96M,+1.31%
Ellipsis,EPX,0.0000384,$ 2.93M,-1.29%
AmonD,AMON,0.000771,$ 2.93M,+0.13%
Prometheum Prodigy,PMPY,0.00522,$ 2.93M,+5.96%
Cardstack,CARD,0.000961,$ 2.88M,+20.36%
ArkiTech,ARKI,0.0414,$ 2.87M,-3.94%
Meta,MTA,0.0318,$ 2.86M,+1.94%
DerivaDAO,DDX,0.0537,$ 2.86M,+1.64%
Bitcoin Standard Hashrate Token,BTCST,0.204,$ 2.86M,+20.49%
XMON,XMON,"1,131.06",$ 2.86M,-2.39%
Bidao,BID,0.00108,$ 2.85M,+4.42%
Dinastycoin,DCY,0.00159,$ 2.84M,-8.80%
Merit Circle,MC,0.276,$ 2.84M,+11.34%
Revest,RVST,0.0282,$ 2.82M,+1.22%
Signum,SIGNA,0.00128,$ 2.79M,-8.00%
Dock,DOCK,0.00649,$ 2.81M,+90.36%
RedFOX Labs,RFOX,0.00128,$ 2.74M,+2.16%
Iron Bank EUR,IBEUR,0.90,$ 2.7M,+3.24%
AssangeDAO,JUSTICE,0.000159,$ 2.69M,-5.13%
SENSO,SENSO,0.038,$ 2.67M,+0.16%
Briun Armstrung,BRIUN,0.00266,$ 2.66M,-4.64%
Nest Protocol,NEST,0.00135,$ 2.65M,+2.61%
PotCoin,POT,0.012,$ 2.64M,+2.96%
MUNCAT,MUNCAT,0.00262,$ 2.62M,+1.90%
Qatar2022token,FWC,0.0‚ÇÅ‚ÇÄ128,$ 2.57M,+2.86%
Ferrum Network,FRM,0.0154,$ 2.53M,+0.74%
Giant Mammoth Chain,GMMT,0.0152,$ 2.49M,+2.58%
BitKan,KAN,0.000785,$ 2.48M,-0.29%
Vesper,VSP,0.266,$ 2.46M,-9.54%
Name,Symbol,Price,Market cap,24h change
XAYA,CHI,0.0428,$ 2.47M,-1.78%
Meter Governance mapped by Meter.io,EMTRG,0.813,$ 2.44M,-3.87%
PAPO NINJA,PAPO,0.00242,$ 2.42M,-15.09%
FeatherCoin,FTC,0.0109,$ 2.38M,-11.18%
MonkeyLeague,MBS,0.0271,$ 2.38M,+3.20%
StreamCoin,STRM,0.000769,$ 2.35M,+4.26%
OmniCat,OMNI,0.0000512,$ 2.33M,+6.15%
Bondly,BONDLY,0.00237,$ 2.33M,-2.82%
EFFORCE IEO,WOZX,0.00369,$ 2.28M,-0.21%
Alchemist,MIST,0.906,$ 2.26M,+4.36%
X World Games,XWG,0.000226,$ 2.25M,+4.34%
Ignis,IGNIS,0.00511,$ 2.25M,-1.87%
FREE coin,FREE,0.0‚ÇÜ225,$ 2.25M,+3.21%
The Unfettered Souls,SOULS,0.00271,$ 2.25M,+3.17%
Renewable Energy Token,RET,0.0‚Çâ111,$ 2.24M,+9.01%
DOJO Protocol,DOAI,0.00509,$ 2.24M,+14.30%
AEON,AEON,0.14,$ 2.22M,+0.67%
Tamadoge,TAMA,0.00152,$ 2.21M,+3.28%
Unobtanium,UNO,11.06,$ 2.21M,-8.93%
Kromatika Finance,KROM,0.0216,$ 2.2M,-1.03%
aiRight Token,AIRI,0.00255,$ 2.2M,-2.92%
Bananatok,BNA,0.00128,$ 2.18M,+86.00%
Ooki Protocol,OOKI,0.000157,$ 2.18M,+0.48%
ARIVA,ARV,0.0000271,$ 2.17M,-1.66%
Fear,FEAR,0.121,$ 2.16M,+0.89%
Woonkly,WOOP,0.00215,$ 2.15M,+2.45%
Honest,HNST,0.00536,$ 2.14M,-0.24%
ckETH,ckETH,"4,028.56",$ 2.14M,+7.65%
Juice,JUICE,0.00431,$ 2.13M,+6.65%
vEmpire DDAO,VEMP,0.00665,$ 2.12M,-18.44%
Bismuth,BIS,0.153,$ 2.11M,+1.95%
Invest Zone,IVFUN,0.00224,$ 2.11M,+0.26%
ChainX,PCX,0.167,$ 2.08M,+1.90%
Genesis Shards,GS,0.00995,$ 2.08M,+6.14%
NvirWorld,NVIR,0.00161,$ 2.07M,-7.33%
Energy Web Token Bridged,EWTB,1.86,$ 2.07M,-0.24%
Ducky,DUCKY,0.0‚ÇÖ496,$ 2.05M,+9.44%
SHOOT,SHOOT,0.00203,$ 2.03M,+0.94%
Gecko Inu,GEC,0.0‚Çá303,$ 2M,+2.18%
O3Swap,O3,0.0136,$ 1.99M,+3.69%
Catgirl,CATGIRL,0.0‚ÇÅ‚ÇÄ2,$ 1.98M,-24.34%
Morpheus Labs,MITX,0.00384,$ 1.98M,-4.16%
SOMESING,SSX,0.000412,$ 1.95M,+3.52%
Andy,ANDY,0.00205,$ 1.94M,+3.37%
SURETY,SURE,0.00387,$ 1.94M,+4.65%
DKEY BANK,DKEY,0.0193,$ 1.93M,+13.34%
DefiBox,BOX,0.90,$ 1.91M,+0.48%
Auto Farm,AUTO,24.30,$ 1.9M,+5.11%
Mozaic Token,MOZ,0.0151,$ 1.88M,+14.25%
Crypton,CRP,0.357,$ 1.87M,+0.07%
Name,Symbol,Price,Market cap,24h change
Center coin,CENT,0.00037,$ 1.85M,-46.38%
EvidenZ,BCDT,0.0451,$ 1.84M,+0.81%
Avocado DAO Token,AVG,0.0168,$ 1.77M,+4.01%
Whackd Token,WHACKD,0.003,$ 1.82M,-2.91%
ABYSS,ABYSS,0.00793,$ 1.82M,+4.73%
Vega Protocol,VEGA,0.0288,$ 1.79M,+28.05%
Metastrike,MTS,0.00669,$ 1.77M,-5.89%
gny,GNY,0.0109,$ 1.76M,+5.41%
Unio Coin,UNIO,0.00292,$ 1.74M,+1.83%
CoinWind,COW,0.00871,$ 1.74M,+31.38%
Switcheo,SWTH,0.00245,$ 1.72M,-7.09%
MoonDAO,MOONEY,0.000649,$ 1.7M,+8.21%
TenX,PAY,0.00814,$ 1.67M,-2.72%
Particl,PART,0.185,$ 1.67M,-3.49%
Strong,STRONG,3.52,$ 1.66M,+4.01%
Nexus,NXS,0.0277,$ 1.65M,+8.17%
Alvey Chain,WALV,0.0106,$ 1.64M,+16.19%
MoonStar,MOONSTAR,0.0‚Çà163,$ 1.63M,+7.10%
Cirus Foundation,CIRUS,0.00942,$ 1.62M,-0.12%
Crypterium,CRPT,0.0204,$ 1.62M,-40.68%
GORILLA,GORILLA,0.00182,$ 1.61M,+1.85%
Bolt,BOLT,0.0016,$ 1.6M,-2.62%
neversol,NEVER,0.0000199,$ 1.58M,-7.31%
Fusion,FSN,0.0535,$ 1.59M,+0.94%
Nxt,NXT,0.00158,$ 1.57M,+18.76%
Aimedis,AIMX,0.00309,$ 1.54M,+2.01%
PirateCash,PIRATE,0.0255,$ 1.57M,+2.63%
Revuto,REVU,0.0116,$ 1.57M,+3.30%
BF Token,BFT,0.00247,$ 1.55M,+1.99%
Hakka Finance,HAKKA,0.00327,$ 1.55M,+0.23%
Razor Network,RAZOR,0.0023,$ 1.54M,-10.40%
Anubicoin,ANUBI,0.0‚ÇÅ‚ÇÄ152,$ 1.52M,+68.75%
Sparkpoint,SRK,0.000135,$ 1.5M,-19.58%
Anchor Protocol,ANC,0.0151,$ 1.51M,+5.95%
Phuture,PHTR,0.0254,$ 1.5M,+921.87%
Tokoin,TOKO,0.00109,$ 1.5M,+24.92%
Chain Guardians,CGG,0.0118,$ 1.5M,+6.18%
Gifto,GFT,0.00148,$ 1.48M,-53.64%
smARTOFGIVING,AOG,0.00506,$ 1.48M,+1.59%
Deeper Network,DPR,0.00449,$ 1.46M,+40.69%
Unilayer,LAYER,0.0527,$ 1.46M,+1.66%
Donut,DONUT,0.0064,$ 1.46M,+2.25%
Bitcore,BTX,0.0879,$ 1.45M,-0.79%
Dopple,DOP,0.0225,$ 1.45M,+3.06%
Kambria,KAT,0.000917,$ 1.44M,+7.45%
AICHAIN,AIT,0.00269,$ 1.44M,-20.12%
Pastel,PSL,0.000133,$ 1.43M,-5.15%
HORD,HORD,0.00447,$ 1.43M,+0.96%
Garlicoin,GRLC,0.0207,$ 1.42M,+15.85%
NagaCoin,NGC,0.0239,$ 1.42M,+13.90%
Name,Symbol,Price,Market cap,24h change
Realm,REALM,0.00141,$ 1.41M,-0.52%
CropBytes,CBX,0.00438,$ 1.41M,+3.24%
HNC COIN,HNC,0.015,$ 1.4M,+43.68%
TurtleCoin,TRTL,0.0000396,$ 1.39M,+1.63%
DexKit,KIT,0.444,$ 1.39M,+5.63%
Onomy Protocol,NOM,0.0351,$ 1.38M,-1.03%
Bird.Money,BIRD,11.78,$ 1.38M,+3.64%
UTU Coin,UTU,0.00462,$ 1.36M,+4.10%
1SOL,1SOL,0.0134,$ 1.34M,-3.39%
Pillar,PLR,0.00518,$ 1.34M,+3.39%
Dentacoin,DCN,0.0‚ÇÜ87,$ 1.32M,+0.00%
Leverj Gluon,L2,0.00597,$ 1.31M,+4.17%
HyperCash,HC,0.0288,$ 1.29M,+1.74%
Million,MM,1.13,$ 1.28M,+8.17%
TitanSwap,TITAN,0.00151,$ 1.27M,-4.23%
Aurora,AOA,0.000126,$ 1.26M,-0.24%
Niza,Niza,0.000164,$ 1.26M,+1.84%
DAEX,DAX,0.00334,$ 1.24M,-2.09%
Skillchain,SKI,0.00491,$ 1.23M,-18.03%
EncrypGen,DNA,0.0141,$ 1.23M,+1.21%
Newton,NEW,0.0000596,$ 1.23M,+16.72%
Gamecredits,GAME,0.00603,$ 1.21M,-1.36%
PacCoin,PAC,0.000239,$ 1.2M,+5.85%
Prism,PRISM,0.00207,$ 1.19M,+1.22%
Bridge Oracle,BRG,0.000148,$ 1.19M,-0.69%
Opium,OPIUM,0.0674,$ 1.18M,+14.59%
Kryptomon,KMON,0.00118,$ 1.18M,+4.78%
eXPerience Chain,XPC,0.0‚ÇÖ906,$ 1.18M,+0.14%
GroveC,GRV,0.0121,$ 1.15M,+6.24%
QuarkCoin,QRK,0.00388,$ 1.13M,-5.52%
Second,SECOND,0.000698,$ 1.11M,+16.30%
Ideaology,IDEA,0.00192,$ 1.1M,+9.06%
TRAVA,TRAVA,0.00025,$ 1.1M,+2.15%
SafeMoon Inu,SMI,0.0‚ÇÖ109,$ 1.09M,+10.82%
BlockWallet,BLANK,0.0172,$ 1.08M,+13.26%
SymVerse,SYM,0.00107,$ 1.07M,-57.20%
BlackCardCoin,BCCOIN,0.244,$ 1.07M,+3.33%
DAFI protocol,DAFI,0.000951,$ 1.06M,-1.19%
WorldCoin,WDC,0.00889,$ 1.06M,-3.31%
Metaverser,MTVT,0.00172,$ 1.06M,+1.30%
Waves Ducks,EGG,11.97,$ 1.05M,+47.19%
Kunci Coin,KUNCI,0.000854,$ 1.05M,-1.84%
Polychain Monsters,PMON,0.148,$ 1.05M,-4.83%
ROCO FINANCE,ROCO,0.0583,$ 1.05M,+10.47%
PhoenixCoin,PXC,0.0148,$ 1.05M,+1.37%
BridgeMutual,BMI,0.00649,$ 1.04M,+24.50%
ArtWallet,1ART,0.00654,$ 1.03M,+4.78%
MELD,MELD,0.000258,$ 1.03M,+3.42%
Etho Protocol,ETHO,0.0132,$ 1.02M,-1.63%
DimeCoin,DIME,0.0‚ÇÖ176,$ 1.02M,+5.16%
Name,Symbol,Price,Market cap,24h change
ORBERIUM TOKEN COMMUNITY OTC LTD,OTC,0.00749,$ 1.01M,+0.00%
Nabox,NABOX,0.0‚ÇÖ64,$ 1M,+6.66%
Bankless BED Index,BED,166.35,"$ 993,505",+3.21%
Bread Token,BRD,0.0112,"$ 991,446",-1.45%
Quantstamp,QSP,0.00154,"$ 953,133",+5.11%
Atsuko Sato,SATO,0.000982,"$ 950,089",+13.79%
PrimeCoin,XPM,0.0371,"$ 947,689",+1.62%
Gifto,GTO,0.00178,"$ 945,945",+0.00%
Skycoin,SKY,0.0939,"$ 938,921",+0.75%
TAP FANTASY,TAP,0.00103,"$ 933,920",+2.93%
HYVE,HYVE,0.0268,"$ 945,256",+93.29%
Piccolo Inu,PINU,0.0‚Çà928,"$ 927,781",+7.30%
Duckie Land,MMETA,0.00927,"$ 926,557",+5.45%
SPORE,SPORE,0.0‚ÇÅ‚ÇÄ293,"$ 918,543",+9.92%
Decentralized Vulnerability Platform,DVP,0.000183,"$ 915,194",-5.60%
ApeBond,ABOND,0.00619,"$ 903,435",-7.71%
KCCPAD.io,KCCPAD,0.00285,"$ 900,626",+6.47%
Sashimi,SASHIMI,0.004,"$ 894,790",+0.53%
Carrieverse,CVTX,0.00421,"$ 874,287",-9.89%
SmartHoldem,STH,0.00349,"$ 870,763",-1.12%
RAKON,RKN,0.00304,"$ 869,685",+4.17%
LandRocker,LRT,0.000687,"$ 868,669",+4.51%
KeeperDAO,ROOK,1.14,"$ 867,481",+2.91%
StoryFire,BLAZE,0.000137,"$ 854,964",+6.48%
DBIT DRC,DBIT,0.0‚Çâ407,"$ 855,183",+6.23%
GulfCoin,GULF,0.00733,"$ 839,645",+0.07%
Bomber Coin,BCOIN,0.0112,"$ 828,986",+0.14%
Pakcoin,PAK,0.0126,"$ 828,813",+2.23%
SALT,SALT,0.00689,"$ 826,795",-6.55%
Freeway Token,FWT,0.0000531,"$ 820,994",-11.86%
Dora Factory,DORA,0.112,"$ 817,986",+1.52%
DEXA COIN,DEXA,0.0‚ÇÖ814,"$ 814,000",-5.84%
Raptoreum,RTM,0.00103,"$ 811,509",+26.68%
MyriadCoin,XMY,0.0005,"$ 810,048",+0.00%
Salad,SALD,0.00098,"$ 801,490",+12.48%
Bistroo,BIST,0.0138,"$ 797,044",+4.09%
ChainCade,CHAINCADE,0.0‚Çà105,"$ 773,533",+2.36%
MeanFi,MEAN,0.00369,"$ 775,812",+1.63%
YAM Finance,YAM,0.0511,"$ 774,898",+11.60%
BitcoinZ,BTCZ,0.0000659,"$ 768,667",+11.71%
KUN,KUN,2.73,"$ 767,635",-0.36%
Glitch,GLCH,0.00862,"$ 765,779",+4.93%
Forest Knight,KNIGHT,0.0164,"$ 760,381",+7.37%
Solarx L1,SXCH,0.0349,"$ 745,562",-2.28%
Diamond Hands,DIAH,0.00118,"$ 729,985",--%
Gleec Coin,GLEEC,0.0556,"$ 729,964",+11.88%
SONM,SNM,0.00203,"$ 729,628",+6.45%
Fl√°via Is Online,FLAVIA,0.00073,"$ 729,893",-9.81%
FedoraCoin,TIPS,0.0‚ÇÖ34,"$ 721,718",+3.41%
XFUEL,XFUEL,0.00109,"$ 710,973",+6.59%
Name,Symbol,Price,Market cap,24h change
PAINT,PAINT,0.0000311,"$ 683,783",+1.33%
AME Chain,AME,0.00135,"$ 675,750",-5.20%
ZELIX,ZELIX,0.0000994,"$ 673,888",+0.15%
Lympo,LYM,0.000894,"$ 673,328",+11.91%
Ripio Credit Network,RCN,0.00134,"$ 667,537",-0.14%
Position Token,POSI,0.00726,"$ 666,801",+1.62%
BILL THE BEAR,BILL,0.0‚ÇÜ748,"$ 665,141",+5.35%
KINE,KINE,0.0116,"$ 663,230",+2.66%
cindicator,CND,0.00033,"$ 659,192",-5.25%
OIN Finance,OIN,0.0096,"$ 651,910",-12.92%
EpiK Protocol,EPK,0.000543,"$ 644,004",-0.22%
XtraBYtes,XBY,0.00149,"$ 641,367",-3.10%
Alium Swap,ALM,0.00291,"$ 640,157",+4.00%
Pando,PANDO,0.000315,"$ 630,139",+7.66%
Safe Energy,ENERGYX,0.0‚Çâ988,"$ 618,864",-0.99%
Energi,NRGT,0.0746,"$ 612,984",+3.62%
Raiden Network Token,RDN,0.00611,"$ 611,400",+1.97%
CyberFi,CFI,0.22,"$ 603,236",+3.62%
Centric Swap,CNS,0.0‚ÇÖ218,"$ 602,919",-7.54%
Aurigami,PLY,0.000147,"$ 602,605",-0.68%
Playermon,PYM,0.00122,"$ 602,480",+4.36%
Kripto Koin,KRIPTO,0.000101,"$ 602,176",-2.77%
Zipmex Token,ZMT,0.00398,"$ 601,193",+2.29%
EPIKO,EPIKO,0.00405,"$ 594,577",-21.22%
OrbCity,ORB,0.00172,"$ 593,746",+1.55%
PlotX,PLOT,0.00569,"$ 593,428",-4.31%
LIQ Protocol,LIQ,0.00163,"$ 592,782",+0.01%
ARCONA,ARCONA,0.0388,"$ 588,879",+4.65%
EXMO Coin,EXM,0.0086,"$ 584,651",+2.89%
Swarm,SWM,0.00904,"$ 580,091",+0.12%
DOSU DRC,DOSU,0.0‚Çà134,"$ 565,661",-95.42%
VEROX,VRX,11.88,"$ 564,201",-0.63%
Wood Coin,LOG,0.07,"$ 562,463",+775.00%
Rug World Assets,RWA,0.0587,"$ 557,633",-45.45%
Vexanium,VEX,0.00183,"$ 551,660",+7.15%
AINU TOKEN,AINU,0.0‚ÇÅ‚ÇÇ551,"$ 551,062",+3.13%
Loud Market,LOUD,0.0055,"$ 549,613",+1.63%
RioDefi,RFUEL,0.00159,"$ 548,789",+6.02%
Moon Rabbit,AAA,0.0‚ÇÖ485,"$ 548,589",-6.53%
Suterusu,SUTER,0.0000937,"$ 546,842",+6.58%
Moeda Loyalty Points,MDA,0.0278,"$ 544,805",+111.89%
Flixxo,FLIXX,0.00475,"$ 536,617",+0.19%
Origin Dollar,OUSD,0.998,"$ 533,376",-0.13%
Espers,ESP,0.0000226,"$ 511,071",+1.06%
EthereumMax,EMAX,0.0‚Çâ583,"$ 508,439",+4.37%
Calamari Network,KMA,0.000318,"$ 508,145",+3.75%
SYNC Network,SYNC,0.00297,"$ 490,241",+2.77%
OKCash,OK,0.00544,"$ 488,905",-0.17%
MoonMakerProtocol,MMP,0.00238,"$ 475,172",+82.79%
Falcon 9,F9,0.000783,"$ 475,125",+3.72%
Name,Symbol,Price,Market cap,24h change
DREP,DREP,0.00472,"$ 472,045",-0.09%
Axai,AXAI,0.00176,"$ 467,258",+20.54%
StrikeCoin,STRIKE,0.000464,"$ 464,018",+274.61%
Naka Bodhi Token,NBOT,0.00462,"$ 461,900",+2.53%
OneLedger,OLT,0.00135,"$ 460,061",+11.11%
Hachiko BSC,HACHIKO,0.0‚Çâ459,"$ 458,860",+5.66%
Fringe Finance,FRIN,0.000696,"$ 455,860",-0.08%
Blind Boxes,BLES,0.00315,"$ 455,682",+0.03%
GoWithMi,GMAT,0.0000304,"$ 453,556",-0.52%
Convergence,CONV,0.000104,"$ 451,999",+6.46%
Scala,XLA,0.0000341,"$ 451,784",-6.54%
Galaxy Fight Club,GCOIN,0.00567,"$ 451,033",-1.93%
LOCGame,LOCG,0.00317,"$ 449,335",+8.42%
PlayDapp,PLA,0.00015,"$ 448,427",+2.85%
pNetwork,PNT,0.00569,"$ 440,151",+2.06%
Odyssey,OCN,0.0000439,"$ 439,049",-0.97%
Aki Protocol,AKI,0.00343,"$ 437,004",+0.87%
Retreeb,TREEB,0.00065,"$ 434,363",+0.00%
Monetha,MTH,0.00204,"$ 429,996",-10.13%
POOLZ.FINANCE,POOLZ,0.0946,"$ 428,981",-82.20%
BoringDAO,BORING,0.000238,"$ 427,194",-1.06%
ZAIBOT.io,ZAI,0.0233,"$ 423,914",-2.45%
Genaro Network,GNX,0.000646,"$ 420,011",+11.11%
Zap,ZAP,0.00325,"$ 418,129",-17.75%
Sentinel,SENT,0.000209,"$ 417,394",+61.91%
Darico Ecosystem Coin,DEC,0.00421,"$ 416,817",-37.07%
PEACOCKCOIN,PEKC,0.0‚ÇÅ‚ÇÅ415,"$ 415,444",+6.28%
LABS Group V2,LABS,0.000187,"$ 413,727",+3.79%
CyberVein,CVT,0.00039,"$ 413,335",+0.00%
Shiba Floki,FLOKI,0.0‚Çâ409,"$ 409,373",+3.34%
Dexlab,DXL,0.00244,"$ 406,817",-6.15%
Artmeta,MART,0.00407,"$ 406,522",+4.90%
GALAXIS Token,GALAXIS,0.00126,"$ 406,457",+1.70%
New BitShares,NBS,0.000128,"$ 399,318",-22.60%
Plant vs Undead Token,PVU,0.00133,"$ 396,915",+5.42%
MoonStarter,MNST,0.00196,"$ 392,434",+11.62%
LiteDoge,LDOGE,0.0000259,"$ 391,830",+0.12%
Bibox Token,BIX,0.0038,"$ 389,062",+0.00%
KeyFi,KEYFI,0.0249,"$ 386,209",-2.61%
Goose Finance,EGG,0.0124,"$ 383,527",+4.47%
Geyser,GYSR,0.039,"$ 383,325",+4.51%
Fuku-Kun,FUKU,0.0‚ÇÖ119,"$ 383,154",+6.89%
VIRES,VIRES,0.142,"$ 379,067",+66.70%
Global Social Chain,GSC,0.000819,"$ 378,121",-7.37%
SHILL Token,SHILL,0.00106,"$ 377,698",+6.00%
Portuma,POR,0.000271,"$ 374,116",-13.72%
HyperChainX,HYPER,0.000523,"$ 371,446",+4.75%
Conceal,CCX,0.0167,"$ 371,216",-0.05%
NewYorkCoin,NYC,0.0‚ÇÖ255,"$ 367,630",+2.22%
Eden,EDEN,0.0277,"$ 367,183",+4.79%
Name,Symbol,Price,Market cap,24h change
Dune Network,DUN,0.00796,"$ 363,844",+1.09%
CryptoBlades,SKILL,0.353,"$ 353,339",+4.44%
Robbocoach,RBC,0.0195,"$ 350,951",+3.44%
StrongHands,SHND,0.0000176,"$ 348,606",+0.06%
SyncFab,MFG,0.00213,"$ 344,675",+92.06%
0xBitcoin,0XBTC,0.103,"$ 343,103",+3.13%
ONSTON,ONSTON,0.0009,"$ 341,381",+154.95%
ARCS,ARX,0.00114,"$ 341,301",+9.29%
CORE MultiChain,CMCX,0.0000197,"$ 334,075",+1.33%
ZClassic,ZCL,0.0626,"$ 331,541",-7.51%
Paxe Token,PAXE,0.111,"$ 333,166",-1.02%
MilkyWay Token by SpaceSwap v2,MILK2,0.00632,"$ 328,870",+7.44%
DogeCash,DOGEC,0.0175,"$ 323,933",+1.47%
GamesPad,GMPD,0.00447,"$ 323,084",-0.93%
MEDPING,MPG,0.00161,"$ 322,220",+0.00%
APYSwap,APYS,0.00699,"$ 320,506",+5.15%
Vader,VADER,0.0000578,"$ 319,312",+9.36%
Cindrum,CIND,0.000063,"$ 315,083",-26.78%
Sora Token,XOR,0.0‚ÇÖ186,"$ 311,223",-17.95%
GOLD,GOLD,0.0188,"$ 309,877",-3.09%
Ink,INK,0.000661,"$ 306,830",+3.51%
Moneytoken,IMT,0.0000346,"$ 305,750",-12.07%
Airbloc,ABL,0.00159,"$ 301,990",+1.17%
Ara Token,ARA,0.000301,"$ 301,414",+0.09%
Dawn Protocol,DAWN,0.00403,"$ 299,850",+1.62%
Vera,VERA,0.000292,"$ 297,954",+0.01%
FERMA,FERMA,0.0959,"$ 297,788",-10.87%
Axion,AXN,0.0‚ÇÖ146,"$ 297,581",-3.21%
Legend of Fantasy War,LFW,0.00217,"$ 297,118",-3.07%
Anime Token,ANI,0.00425,"$ 293,046",+121.49%
Reflex,RFX,0.000285,"$ 285,000",+0.00%
eosDAC,EOSDAC,0.00043,"$ 283,926",+2.55%
Datamine FLUX,FLUX,0.0762,"$ 283,919",-5.18%
Infinite Coin,IFC,0.0‚ÇÖ26,"$ 283,420",+4.00%
Ojamu Token,OJA,0.00285,"$ 280,705",+2.35%
Electric Cash,ELCASH,0.495,"$ 275,127",-0.74%
Digital Reserve Currency,DRC,0.00027,"$ 269,898",+17.75%
LunaChow,LUCHOW,0.0‚ÇÜ27,"$ 269,147",+7.66%
Xeno Token,XNO,0.000127,"$ 266,700",+24.51%
Eminer,EM,0.000126,"$ 264,730",-0.24%
FODL Finance,FODL,0.000667,"$ 257,444",+6.20%
Shirtum,SHI,0.00113,"$ 256,368",+5.53%
ColossusCoinXT,COLX,0.00002,"$ 254,252",+0.40%
HashCoin,HSC,0.0000196,"$ 251,691",+0.00%
Euro Shiba Inu,EShib,0.0‚ÇÅ‚ÇÇ596,"$ 250,266",+0.03%
Bitcoin Private,BTCP,0.0122,"$ 249,898",+4.17%
RealFevr,FEVR,0.0000168,"$ 246,156",+7.04%
Mithril,MITH,0.00029,"$ 245,687",+2.77%
YFValue,YFV,0.041,"$ 244,283",-57.64%
NOA,NOA,0.000242,"$ 242,200",+1.04%
Name,Symbol,Price,Market cap,24h change
Baby Moon Wolf,BABYWOLF,0.0‚ÇÅ‚ÇÅ245,"$ 242,159",-1.44%
Karbo,KRB,0.0444,"$ 239,012",-4.55%
Scry.info,DDD,0.000538,"$ 236,751",-1.82%
Action Coin,ACTN,0.00013,"$ 233,964",+0.00%
Satozhi,SATOZ,0.0202,"$ 233,201",+5.17%
UREEQA,URQA,0.00315,"$ 230,044",+13.59%
NitroEx,NTX,0.0000215,"$ 228,128",+0.00%
Bottos,BTO,0.000447,"$ 227,966",+1.36%
BabyCate,BABYCATE,0.0‚ÇÜ335,"$ 227,316",-7.66%
Gas DAO,GAS,0.0‚ÇÜ79,"$ 226,345",+21.46%
Planet Finance,AQUA,4.98,"$ 224,851",+2.46%
DeFine,DFA,0.000444,"$ 222,003",+0.33%
The 4th Pillar,FOUR,0.000946,"$ 221,152",+31.25%
Maro,MARO,0.000223,"$ 220,795",-12.59%
Ruff,RUFF,0.000233,"$ 219,513",-1.14%
RatCoin,RAT,0.000058,"$ 219,221",-3.94%
MetaTrace Governance Token,TRC,0.0117,"$ 217,391",-0.68%
Burp,BURP,0.000343,"$ 215,797",-0.15%
Masari,MSR,0.0259,"$ 213,845",+6.73%
Wet Ass Pussy,WAP,0.000204,"$ 203,842",+1.63%
Baked Token,BAKED,0.00152,"$ 202,330",-4.72%
High Performance Blockchain,HPB,0.00542,"$ 202,047",-0.23%
XCASH,XCASH,0.0‚ÇÖ311,"$ 193,199",-2.81%
XcelDefi,XLD,0.00332,"$ 192,007",+1.41%
Callisto Network,CLO,0.000248,"$ 190,379",+3.35%
Achain,ACT,0.000252,"$ 189,243",-20.19%
YAWN,$YAWN,0.0000294,"$ 188,559",-8.42%
ElectrifyAsia,ELEC,0.000251,"$ 188,175",-8.06%
POW BTC-35W/T,PBTC35A,0.866,"$ 185,781",-1.57%
Bitnet,BTN,0.0811,"$ 184,988",+5.58%
SPHEROID UNIVERSE,SPH,0.00144,"$ 184,710",+0.00%
DinoX,DNXC,0.00185,"$ 183,070",+21.16%
Merculet,MVP,0.0000533,"$ 180,175",+0.00%
Shikoku Inu,SHIKO,0.0‚ÇÅ‚ÇÅ252,"$ 176,211",--%
TokenClub,TCT,0.00036,"$ 173,361",+2.21%
BUX Token,BUX,0.00221,"$ 169,516",+3.02%
HTMLCOIN,HTML,0.0‚ÇÖ319,"$ 169,037",-3.70%
Step Hero,HERO,0.00167,"$ 166,827",-3.44%
Arix,ARIX,0.0167,"$ 165,509",+2.29%
XMax,XMX,0.000022,"$ 164,887",+0.00%
Binance-Peg BSC-HO,BSCHO,0.0078,"$ 163,770",-0.46%
CUT coin,CUT,0.000995,"$ 160,584",-49.16%
Swerve DAO Token,SWRV,0.00864,"$ 159,049",-2.06%
EIFI Finance,EIFI,0.00106,"$ 158,902",+10.58%
LinkEye,LET,0.000252,"$ 157,336",+33.01%
Hush,HUSH,0.0299,"$ 154,735",+11.91%
DFOHub,BUIDL,0.30,"$ 150,335",+37.09%
Cred,LBA,0.00035,"$ 148,294",+2.34%
KALM,KALM,0.0162,"$ 148,047",+4.97%
DOS Network,DOS,0.000567,"$ 147,730",-9.26%
Name,Symbol,Price,Market cap,24h change
Multiversum,MTV,0.00105,"$ 147,619",+4.63%
RedFeg,REDFEG,0.0‚ÇÅ‚ÇÇ147,"$ 147,486",+8.36%
SakeToken,SAKE,0.0014,"$ 142,162",+0.57%
DPRating,RATING,0.0000654,"$ 140,933",+0.00%
Cryptaur,CPT,0.0000192,"$ 140,932",-2.83%
eMark,DEM,0.00335,"$ 140,501",-3.32%
Lien,LIEN,0.251,"$ 140,342",-6.36%
Tradestars,TSX,0.00112,"$ 139,838",-42.06%
Seek Tiger,STI,0.000175,"$ 137,444",+0.01%
Matrix Labs,MATRIX,0.00116,"$ 135,614",+14.35%
LinkCoin,LKN,0.000135,"$ 135,000",+0.00%
Evadore,EVA,0.0002,"$ 133,498",-29.20%
Robotaxi,TAXI,0.00133,"$ 133,451",+10.36%
Moby,MOBY,0.0000133,"$ 133,312",-18.69%
Rangers Protocol,RPG,0.0143,"$ 133,260",-8.32%
Zeusshield,ZSC,0.000116,"$ 133,214",+5.45%
Mytheria,MYRA,0.00702,"$ 132,663",+15.80%
BNSD Finance,BNSD,0.000453,"$ 131,684",-8.34%
DigitalNote,XDN,0.000019,"$ 131,554",+1.87%
NFTY Network,NFTY,0.00029,"$ 128,260",+9.65%
Chain of Legends,CLEG,0.00099,"$ 130,689",+6.36%
Raze Network,RAZE,0.0011,"$ 130,009",-4.69%
XCAD Network PLAY,PLAY,0.000105,"$ 129,786",+111.96%
MemePad,MEPAD,0.0018,"$ 129,577",+5.45%
Yield Protocol,YIELD,0.00141,"$ 128,356",-7.46%
Vidy Coin,VIDY,0.0000128,"$ 127,990",-3.04%
LSD7,LSD,0.00211,"$ 127,819",+10.64%
BLOCKv,VEE,0.0000632,"$ 126,704",-1.88%
Blockchain Cuties Universe Governance,BCUG,0.0333,"$ 125,927",-11.29%
MotaCoin,MOTA,0.00219,"$ 124,046",+4.62%
MediShares,MDS,0.000116,"$ 119,132",-4.52%
Value Liquidity,VALUE,0.0241,"$ 115,849",+1.69%
Iridium,IRD,0.00497,"$ 115,067",+67.79%
Aqua Pig,AQUAPIG,0.0‚ÇÅ‚ÇÅ114,"$ 114,467",-1.56%
EasyFi V2,EZ,0.0107,"$ 113,655",+11.48%
Onx Finance,OnX,0.0114,"$ 112,264",+4.12%
NERD TOKEN,NERD,0.00406,"$ 111,934",-1.96%
Akropolis Delphi,ADEL,0.00372,"$ 111,510",+3.86%
Hashgard,GARD,0.0‚ÇÖ768,"$ 110,333",-3.29%
CoinFi,COFI,0.000616,"$ 108,227",+1.37%
Universal Basic Income,UBI,0.000358,"$ 107,449",+2.71%
Martian DAO,MDAO,0.0‚Çâ198,"$ 106,797",+6.10%
Governor,GDAO,0.0365,"$ 106,310",-5.51%
Finxflo,FXF,0.0011,"$ 105,589",+6.41%
Snetwork,SNET,0.000816,"$ 105,147",-4.69%
S4FE,S4F,0.0000518,"$ 103,640",+0.00%
Basis Cash,BAC,0.00187,"$ 102,048",+22.08%
Trace Network Labs,TRACE,0.000967,"$ 96,700",-24.63%
WOWswap,WOW,0.0862,"$ 95,541",+2.12%
APPLEB,APPLEB,0.0‚ÇÅ‚ÇÅ955,"$ 95,453",+2.30%
Name,Symbol,Price,Market cap,24h change
clipstoken,CLIPS,0.0‚ÇÜ549,"$ 95,121",-1.73%
The ChampCoin,TCC,0.00189,"$ 94,481",-4.77%
Delphy,DPY,0.00194,"$ 92,711",+6.59%
Argon,ARGON,0.000916,"$ 91,573",+4.04%
HistoryDAO,HAO,0.000132,"$ 89,556",+8.75%
Gems,GEM,0.0000777,"$ 89,112",-4.24%
WTF Token,WTF,0.000662,"$ 88,708",+0.00%
Decentr,DEC,0.000768,"$ 88,570",-2.20%
Swap,XWP,0.00497,"$ 87,212",-26.73%
dFund,DFND,0.000257,"$ 85,535",-0.14%
Rentberry,BERRY,0.000283,"$ 85,450",+17.42%
Petals,PTS,0.0‚ÇÖ6,"$ 84,750",+13.21%
BlockBank,BBANK,0.000106,"$ 84,377",+1.90%
Zilla,ZLA,0.00196,"$ 83,341",+0.00%
UCROWDME,UCM,0.000832,"$ 83,220",+1.62%
CoinNess,CNNS,0.0000834,"$ 82,720",+2.13%
Alphr finance,ALPHR,0.00899,"$ 80,161",+0.32%
Cipher,CPR,0.00109,"$ 78,872",-7.46%
PlayPad Token,PPAD,0.000787,"$ 78,678",+0.24%
Bitcoin Adult,BTAD,0.00339,"$ 77,830",+33.05%
GuildFi,GF,0.00264,"$ 77,265",+7.97%
Project X,XIL,0.000304,"$ 75,969",+25.47%
Simple Token,OST,0.00026,"$ 74,956",+0.00%
Rapidz,RPZX,0.0000149,"$ 74,598",+1.08%
Etherparty,FUEL,0.00014,"$ 73,749",-4.64%
Covalent,COVA,0.0000133,"$ 73,113",-1.51%
Trinity Network Credit,TNC,0.000216,"$ 72,133",-1.23%
Skrumble Network,SKM,0.0000954,"$ 71,311",+9.94%
Celestial,CELT,0.0000708,"$ 70,800",-1.35%
April Token,APRIL,0.000554,"$ 69,118",+3.07%
Sumokoin,SUMO,0.00838,"$ 68,461",-0.99%
Primas,PST,0.00133,"$ 68,050",+2.27%
Baby Shark,SHARK,0.0‚ÇÅ‚ÇÄ793,"$ 67,053",+16.68%
ADreward,AD,0.0‚ÇÖ7,"$ 66,500",+4.32%
Marquise Museum,MUSEUM,0.0000964,"$ 63,591",+25.18%
Shyft Network,SHFT,0.00114,"$ 63,263",+7.74%
PRivaCY Coin,PRCY,0.00408,"$ 63,154",+3.39%
Zeepin,ZPT,0.000126,"$ 63,000",-2.11%
Sentinel Chain,SENC,0.000312,"$ 61,627",-0.90%
Refereum,RFR,0.0000252,"$ 60,125",+0.40%
Enecuum,ENQ,0.0003,"$ 59,894",+21.95%
Art de Finance,ADF,0.000329,"$ 59,340",+10.38%
TRONCLASSIC,TRXC,0.0‚ÇÜ126,"$ 58,655",+19.05%
Lanceria,LANC,0.000165,"$ 57,745",+0.00%
Wistaverse,WISTA,0.00134,"$ 56,112",+5.61%
Puli,PULI,0.00134,"$ 56,105",+15.35%
Bounty0x,BNTY,0.000293,"$ 54,529",-4.00%
Rabbit Finance,RABBIT,0.000294,"$ 52,559",+17.12%
Herbalist Token,HERB,0.0‚ÇÖ548,"$ 52,101",+0.00%
TORG,TORG,0.0‚Çá669,"$ 51,981",-0.15%
Name,Symbol,Price,Market cap,24h change
Crypto Sports,CSPN,0.0101,"$ 51,624",-22.69%
MEMETOON,MEME,0.0‚ÇÖ913,"$ 51,395",+6.77%
IHT Real Estate Protocol,IHT,0.0000916,"$ 51,183",-3.62%
GrabClub,GC,0.0000361,"$ 50,274",+0.78%
iOWN Token,IOWN,0.000205,"$ 49,471",+0.00%
ERC20,ERC20,0.0‚ÇÖ357,"$ 48,910",+10.35%
Krypton Token,KGC,0.0000167,"$ 47,150",-0.36%
Jade Protocol,JADE,0.0695,"$ 46,727",+5.10%
PKG Token,PKG,0.0‚ÇÖ519,"$ 46,531",+0.00%
GMB,GMB,0.0‚ÇÖ889,"$ 44,467",+0.00%
REMME,REM,0.0000703,"$ 42,242",-2.46%
Keystone of Opportunity & Knowledge,KOK,0.000378,"$ 40,592",+13.60%
UnFederalReserveToken,ERSDL,0.0000599,"$ 40,349",+21.00%
BolivarCoin,BOLI,0.00196,"$ 38,883",+0.25%
BLURT,BLURT,0.00309,"$ 38,498",+12.46%
8PAY,8PAY,0.000213,"$ 37,813",+3.83%
FACTS,BKC,0.0‚ÇÖ458,"$ 36,648",+9.07%
TajCoin,TAJ,0.00104,"$ 35,910",-0.00%
LUX BIO EXCHANGE COIN,LBXC,0.0‚ÇÖ368,"$ 35,602",+0.00%
Tachyon,IPX,0.000133,"$ 35,449",+11.80%
Infinity Angel,ING,0.0000417,"$ 35,428",-1.71%
Gifted Hands,GHD,0.0‚ÇÖ354,"$ 35,410",+15.41%
Lethean,LTHN,0.0000739,"$ 34,362",-8.72%
FansTime,FTI,0.0000119,"$ 34,001",+0.06%
Arena Token,ARENA,0.00767,"$ 33,858",+12.80%
Atmos,ATMOS,0.000329,"$ 33,160",+1.62%
Neblio,NEBL,0.00237,"$ 32,509",+24.58%
Aditus,ADI,0.000136,"$ 31,925",+0.00%
KROWN,KRW,0.0‚ÇÖ264,"$ 31,643",+9.25%
TrezarCoin,TZC,0.000328,"$ 31,409",-3.10%
nDEX,NDX,0.0‚ÇÖ208,"$ 30,987",-1.51%
TaleCraft,CRAFT,0.00432,"$ 30,257",+21.90%
The Movement,MVT,0.01,"$ 30,011",--%
MoneySwap,MSWAP,0.00003,"$ 30,010",-10.23%
Shrimp Finance,SHRIMP,0.0999,"$ 29,840",--%
Banana,BANANA,0.417,"$ 28,799",+25.45%
Bitspawn,SPWN,0.0000299,"$ 28,571",+6.41%
ShowHand,HAND,0.0‚ÇÜ445,"$ 27,531",+0.00%
Merlin Lab,MERL,0.0374,"$ 26,547",-41.73%
Hedgecoin,HEDG,0.00649,"$ 24,084",+5.93%
sifchain.finance,EROWAN,0.0000109,"$ 23,469",+10.86%
Verso,VSO,0.000528,"$ 22,924",+3.90%
Seele,SEELE,0.0000372,"$ 22,489",+472.31%
MOVEZ,MOVEZ,0.0000418,"$ 21,408",+2.07%
CorionX,CORX,0.000106,"$ 20,616",+6.65%
YFIH2,YFIH2,0.774,"$ 19,353",+5.42%
Corgi doge,CORGI,0.0‚Çà258,"$ 19,336",-5.75%
Aion,AION,0.002,"$ 18,790",+6.95%
StarLink,SLNV2,0.000149,"$ 18,063",-4.57%
YENTEN,YTN,0.00213,"$ 17,997",+0.02%
Name,Symbol,Price,Market cap,24h change
Edgeless,EDG,0.000142,"$ 17,296",+8.92%
SeedSwap,SNFT,0.000168,"$ 16,800",+15.86%
Zenith Chain,ZENITH,0.00084,"$ 16,800",+0.00%
NuriFootBall,NRFB,0.0000771,"$ 16,041",+8.50%
Archetypal Network,ACTP,0.0‚ÇÖ33,"$ 15,959",-1.51%
Innova,INN,0.00305,"$ 14,915",+0.71%
uPlexa,UPX,0.0‚ÇÖ551,"$ 14,495",+3.21%
FUTURAX,FTXT,0.0‚ÇÖ42,"$ 14,306",-1.51%
MintCoin,MINT,0.0‚ÇÖ982,"$ 14,068",-0.31%
MyBit,MYB,0.000159,"$ 11,549",-3.34%
BitCash,BITC,0.00179,"$ 11,449",-3.10%
Bestay,BSY,0.00022,"$ 11,000",+0.00%
Citadel,CTL,0.00187,"$ 10,775",+0.49%
Haven Protocol,XHV,0.000698,"$ 10,580",-13.78%
Fruits Token,FRTS,0.0000251,"$ 9,040",-0.01%
ProCurrency,PROC,0.0000895,"$ 8,965",-3.10%
Jetcoin,JET,0.00117,"$ 7,949",+0.00%
Melody,MELODY,0.000147,"$ 6,903",+5.78%
Infinite Ricks,RICK,0.0‚Çá791,"$ 6,796",-4.46%
Cryptochrome,CHM,0.0000108,"$ 6,502",+1.62%
Potentiam,PTM,0.00006,"$ 6,000",-72.73%
Power Cash,PRCH,0.0‚Çá2,"$ 5,931",+0.00%
Rilcoin,RIL,0.000319,"$ 5,903",+0.14%
HBTToken,HBT,0.0000119,"$ 5,853",+6.84%
GMcoin,GM,0.0000572,"$ 5,716",-0.38%
MIB Coin,MIB,0.000109,"$ 4,540",+0.00%
Curate,XCUR,0.000413,"$ 4,133",+9.63%
NaviAddress,NAVI,0.0000168,"$ 4,077",+3.57%
BambooDeFi,BAMBOO,0.000427,"$ 3,205",+5.54%
WorkQuest Token,WQT,0.000034,"$ 2,861",-2.86%
Arion,ARION,0.00049,"$ 2,826",+0.00%
Signature Chain,SIGN,0.0‚ÇÖ316,"$ 2,761","+2,160.52%"
Switch,ESH,0.000144,"$ 1,954",+1.62%
Gold Poker,GPKR,0.000996,"$ 1,508",+9.03%
Documentchain,DMS,0.0000531,"$ 1,116",+8.64%
Skara,SKRT,0.000224,$ 972,+4.17%
Pikaster,MLS,0.000145,$ 886,+11.54%
Cometh,MUST,0.00513,$ 535,+8.83%
Vera,VERA,0.0104,$ 517,-0.14%
Rush coin,RUSH,0.0‚ÇÜ1,$ 300,+0.00%
Proton Token,PTT,0.0‚Çá988,$ 195,-1.51%
EUNOMIA,ENTS,0.0‚Çà988,$ 163,-1.51%
Bitcoin Flash Cash,BTFC,0.0‚ÇÜ988,$ 21,+0.00%
Bonus,BONUS,0.0‚ÇÖ41,$ 15,-73.97%
SmartCash,SMART,0.0000696,$ 12,-3.06%
Kabosu,KABOSU,0.0‚Çà404,$ 4,+3.83%
Cheems,CHEEMS,0.0‚Çà121,$ 3,+22.32%
Sweeptoken,SWEEP,0.0‚ÇÅ‚ÇÅ584,$ 0,-0.01%
Little Bunny Rocket,LBR,0.0‚Çâ194,$ 0,+0.99%
